weighting,token,document_count
rows,israel,1324
rows,palestina,552
rows,zionis,464
rows,gaza,400
rows,gila,388
rows,indonesia,362
rows,yahudi,319
rows,syiah,264
rows,mau,255
rows,nya,253
rows,islam,248
rows,china,238
rows,hamas,222
rows,allah,210
rows,warga,192
rows,rakyat,191
rows,dunia,182
rows,satu,177
rows,perang,168
rows,cacat,163
rows,buta,162
rows,kristen,160
rows,lgbt,159
rows,ganjar,149
rows,hukum,136
rows,kaum,130
rows,muslim,129
rows,cina,128
rows,umat,128
rows,freepalestine,126
rows,gay,126
rows,serangan,122
rows,presiden,121
rows,salah,119
rows,jokowi,117
rows,agama,117
rows,gibran,117
rows,cawapres,116
rows,prabowo,114
rows,kenapa,112
rows,manusia,112
rows,rumah,109
rows,tentara,107
rows,tanah,105
rows,anies,101
rows,seorang,100
rows,palestine,100
rows,bangsa,98
rows,hati,98
rows,sakit,97
rows,produk,95
rows,penjajah,95
rows,nabi,94
rows,org,94
rows,video,92
rows,kan,90
rows,arab,90
rows,suka,89
rows,sipil,86
rows,teroris,86
rows,pemimpin,84
rows,mati,84
rows,yaman,83
rows,negeri,82
rows,jelas,82
rows,pendukung,82
rows,laknatullah,81
rows,dilakukan,81
rows,politik,80
rows,jalur,80
rows,capres,75
rows,pasukan,74
rows,bodoh,74
rows,pak,74
rows,mata,73
rows,amerika,73
rows,ternyata,73
rows,diri,73
rows,melihat,72
rows,emang,72
rows,demi,71
rows,tdk,71
rows,korban,71
rows,langsung,71
rows,ketika,70
rows,makin,70
rows,hingga,70
rows,muhammad,69
rows,biadab,69
rows,membuat,69
rows,media,68
rows,hidup,68
rows,rohingya,68
rows,klo,66
rows,benar,66
rows,tuh,66
rows,bela,65
rows,anti,65
rows,bin,65
rows,mulai,65
rows,kek,65
rows,anjing,65
rows,tetap,64
rows,wahabi,64
rows,termasuk,63
rows,bersama,62
rows,belum,62
rows,sejarah,62
rows,lainnya,62
rows,sejak,62
rows,boleh,61
rows,apakah,61
rows,tolol,61
rows,semakin,60
rows,setiap,60
rows,senjata,60
rows,wanita,59
rows,kerja,59
rows,makan,59
rows,barat,59
rows,sumber,59
rows,menteri,59
rows,iran,59
rows,ulama,59
rows,tuhan,58
rows,bener,58
rows,dua,58
rows,kaya,58
rows,pemerintah,57
rows,berani,57
rows,waktu,57
rows,kelompok,57
rows,militer,57
rows,nama,56
rows,biar,56
rows,mahfud,56
rows,tetapi,56
rows,menolak,56
rows,antara,56
rows,sekali,55
rows,konflik,55
rows,melawan,55
rows,bom,55
rows,muslimin,55
rows,krn,54
rows,saudara,54
rows,pesek,54
rows,wilayah,54
rows,akun,54
rows,abu,54
rows,masyarakat,53
rows,pertama,53
rows,kota,53
rows,tengah,52
rows,the,52
rows,memiliki,52
rows,sunnah,52
rows,kejahatan,52
rows,liat,52
rows,pengungsi,52
rows,percaya,51
rows,nanti,51
rows,pake,51
rows,berbagai,51
rows,imigran,51
rows,sahabat,51
rows,kemanusiaan,51
rows,boikot,51
rows,gini,50
rows,kadrun,50
rows,soal,50
rows,luar,50
rows,masa,50
rows,bagaimana,50
rows,netanyahu,50
rows,lihat,49
rows,ajaran,49
rows,kayak,49
rows,gua,49
rows,pilih,48
rows,viral,48
rows,perlu,48
rows,tempat,48
rows,hak,47
rows,utk,47
rows,sini,47
rows,akibat,47
rows,dlm,47
rows,keluarga,47
rows,jalan,47
rows,fitnah,47
rows,jakarta,47
rows,membunuh,47
rows,dah,47
rows,dll,46
rows,menghancurkan,46
rows,merupakan,46
rows,sampe,46
rows,imam,46
rows,minta,46
rows,babi,46
rows,oktober,46
rows,salam,45
rows,membela,45
rows,begitu,45
rows,ketua,45
rows,lawan,44
rows,menurut,44
rows,takut,44
rows,masalah,44
rows,bendera,44
rows,aksi,44
rows,genosida,44
rows,lupa,44
rows,jam,44
rows,gitu,44
rows,otak,43
rows,nkri,43
rows,rasa,43
rows,yaitu,43
rows,udh,43
rows,air,43
rows,paham,43
rows,internasional,43
rows,pbb,43
rows,memilih,42
rows,odgj,42
rows,bantuan,42
rows,sementara,42
rows,truncated,41
rows,sering,41
rows,haram,41
rows,menggunakan,41
rows,kekuasaan,41
rows,partai,41
rows,dukungan,41
rows,asli,41
rows,kecil,41
rows,menyerang,41
rows,masjid,41
rows,pas,41
rows,komunis,40
rows,pribumi,40
rows,apalagi,40
rows,kitab,40
rows,selamat,40
rows,jauh,40
rows,kau,40
rows,muda,40
rows,malam,40
rows,kasih,40
rows,tangan,39
rows,depan,39
rows,jawa,39
rows,sehingga,39
rows,propaganda,39
rows,you,39
rows,ibu,39
rows,tolak,39
rows,keras,39
rows,kini,39
rows,selengkapnya,39
rows,main,39
rows,orgil,39
rows,asal,38
rows,keturunan,38
rows,akal,38
rows,tindakan,38
rows,sebagian,38
rows,baswedan,38
rows,datang,38
rows,segala,38
rows,balik,38
rows,milik,38
rows,cukup,38
rows,berkata,38
rows,segera,38
rows,moral,37
rows,pranowo,37
rows,sadar,37
rows,menang,37
rows,jiwa,37
rows,fakta,37
rows,karna,37
rows,gereja,37
rows,neraka,37
rows,pagi,37
rows,tinggal,36
rows,alasan,36
rows,juta,36
rows,sebab,36
rows,anis,36
rows,sunni,36
rows,bersatu,36
rows,hasil,36
rows,sana,36
rows,bakal,36
rows,follow,36
rows,news,36
rows,pihak,36
rows,kafir,36
rows,hancur,35
rows,mari,35
rows,lama,35
rows,sumpah,35
rows,kalah,35
rows,cari,35
rows,jahat,35
rows,rabu,35
rows,maupun,35
rows,bulan,35
rows,sebelum,35
rows,sdh,34
rows,kepala,34
rows,instagram,34
rows,etika,34
rows,menyatakan,34
rows,perempuan,34
rows,ali,34
rows,mengaku,33
rows,pemilu,33
rows,tegas,33
rows,membantu,33
rows,maju,33
rows,memberikan,33
rows,timur,33
rows,waras,33
rows,saudi,33
rows,beli,33
rows,dajjal,33
rows,sekitar,33
rows,israhell,33
rows,bangsat,33
rows,siang,33
rows,gendut,32
rows,palsu,32
rows,perubahan,32
rows,pilpres,32
rows,katolik,32
rows,berarti,32
rows,cerdas,32
rows,sebenarnya,32
rows,beliau,32
rows,bumi,32
rows,dianggap,32
rows,penuh,32
rows,sedangkan,32
rows,hampir,32
rows,suara,32
rows,awal,32
rows,udara,32
rows,pejuang,32
rows,doa,32
rows,kuat,32
rows,rempang,31
rows,ngaku,31
rows,benci,31
rows,kemudian,31
rows,pembantaian,31
rows,justru,31
rows,uang,31
rows,twitter,31
rows,dasar,31
rows,habis,31
rows,bentuk,31
rows,kedua,31
rows,tewas,31
rows,minggu,31
rows,sesat,31
rows,tka,30
rows,sehat,30
rows,mudah,30
rows,wahai,30
rows,resmi,30
rows,musuh,30
rows,penjajahan,30
rows,mengambil,30
rows,merasa,30
rows,tokoh,30
rows,sesungguhnya,30
rows,khusus,30
rows,idf,30
rows,tua,30
rows,for,30
rows,mengikuti,30
rows,sinting,30
rows,setan,30
rows,salafi,30
rows,pembunuhan,29
rows,pdip,29
rows,penduduk,29
rows,adanya,29
rows,siap,29
rows,rezim,29
rows,kejam,29
rows,peduli,29
rows,putusan,29
rows,demo,29
rows,fatwa,29
rows,bid'ah,29
rows,link,29
rows,bakar,29
rows,mulu,29
rows,ahli,29
rows,pengecut,29
rows,cewe,29
rows,kemerdekaan,28
rows,mui,28
rows,disebut,28
rows,lakukan,28
rows,jawab,28
rows,pengen,28
rows,muka,28
rows,menyebut,28
rows,berat,28
rows,mayoritas,28
rows,enak,28
rows,sikap,28
rows,bukti,28
rows,mah,28
rows,ahmad,28
rows,terkait,28
rows,akhir,28
rows,muncul,28
rows,umar,28
rows,ayat,28
rows,umum,27
rows,eropa,27
rows,berusaha,27
rows,harga,27
rows,ayo,27
rows,share,27
rows,beragama,27
rows,butuh,27
rows,goblok,27
rows,keputusan,27
rows,sok,27
rows,polisi,27
rows,cepat,27
rows,zionist,27
rows,selasa,27
rows,diam,27
rows,tiap,27
rows,pula,27
rows,tolong,27
rows,makanya,27
rows,muak,27
rows,coldplay,27
rows,turun,26
rows,quran,26
rows,tinggi,26
rows,kondisi,26
rows,hoax,26
rows,antek,26
rows,berkuasa,26
rows,asing,26
rows,kurang,26
rows,duit,26
rows,saling,26
rows,mesir,26
rows,cerita,26
rows,jumat,26
rows,iblis,26
rows,konstitusi,26
rows,yesus,26
rows,komentar,26
rows,membabi,26
rows,kekuatan,26
rows,kapan,26
rows,ngomong,26
rows,biasa,26
rows,sekolah,26
rows,mengutuk,26
rows,zaman,26
rows,beda,26
rows,mengalami,26
rows,bandung,26
rows,wib,26
rows,melainkan,26
rows,temen,26
rows,israelterorrist,26
rows,pemahaman,26
rows,menarik,25
rows,usir,25
rows,artikel,25
rows,munafik,25
rows,inilah,25
rows,mohon,25
rows,kekejaman,25
rows,rasulullah,25
rows,mencari,25
rows,coba,25
rows,kpd,25
rows,ahlul,25
rows,perjuangan,25
rows,mengapa,25
rows,mkmk,25
rows,wajib,25
rows,keluar,25
rows,guru,25
rows,serang,25
rows,dilarang,25
rows,ilegal,25
rows,terbukti,25
rows,senin,25
rows,berada,25
rows,anjir,25
rows,cinta,25
rows,kecuali,25
rows,ibadah,25
rows,tadi,25
rows,ratusan,25
rows,tiba,25
rows,rudal,25
rows,open,25
rows,emg,25
rows,ahmadiyah,25
rows,suatu,24
rows,ibnu,24
rows,jaman,24
rows,dikasih,24
rows,bapak,24
rows,idiot,24
rows,teman,24
rows,bani,24
rows,dikutip,24
rows,swt,24
rows,semangat,24
rows,itulah,24
rows,apapun,24
rows,nggak,24
rows,bawa,24
rows,demikian,24
rows,sesuai,24
rows,lewat,24
rows,membenci,24
rows,pusat,24
rows,grup,24
rows,parah,24
rows,kamis,24
rows,janji,24
rows,postingan,24
rows,cowo,24
rows,bunuh,24
rows,aliran,24
rows,makanan,24
rows,meminta,24
rows,syi'ah,24
rows,aqidah,24
rows,hubungan,24
rows,menunjukkan,24
rows,brigade,24
rows,menegaskan,24
rows,agresi,24
rows,utara,24
rows,sebagaimana,24
rows,sore,24
rows,ketemu,24
rows,gambar,23
rows,maaf,23
rows,proyek,23
rows,daripada,23
rows,biden,23
rows,berjuang,23
rows,ribu,23
rows,membawa,23
rows,terutama,23
rows,organisasi,23
rows,kampanye,23
rows,sungguh,23
rows,pelanggaran,23
rows,bego,23
rows,doang,23
rows,pasangan,23
rows,boneka,23
rows,sosial,23
rows,bantu,23
rows,pernyataan,23
rows,diserang,23
rows,menghentikan,23
rows,bismillah,23
rows,merdeka,23
rows,benjamin,23
rows,serikat,23
rows,november,23
rows,trus,23
rows,kelakuan,23
rows,rafidhah,23
rows,memakai,22
rows,pki,22
rows,ilmu,22
rows,teriak,22
rows,inggris,22
rows,suci,22
rows,acara,22
rows,disana,22
rows,belajar,22
rows,listrik,22
rows,ala,22
rows,seolah,22
rows,anwar,22
rows,skrg,22
rows,tai,22
rows,mahkamah,22
rows,jabatan,22
rows,terima,22
rows,aman,22
rows,yakin,22
rows,cewek,22
rows,utama,22
rows,tujuan,22
rows,konser,22
rows,gencatan,22
rows,dpr,22
rows,sufi,22
rows,aswaja,22
rows,kelas,22
rows,menerima,22
rows,mengeluarkan,22
rows,bawah,22
rows,meninggal,22
rows,update,22
rows,mendapatkan,22
rows,terakhir,22
rows,dijadikan,22
rows,berlangsung,22
rows,pikir,22
rows,bayi,22
rows,berapa,22
rows,laknat,22
rows,lucu,22
rows,kontol,22
rows,knp,22
rows,kesesatan,22
rows,sejumlah,21
rows,rusia,21
rows,cucu,21
rows,sbg,21
rows,bukanlah,21
rows,sesama,21
rows,sambil,21
rows,silahkan,21
rows,kebanyakan,21
rows,and,21
rows,hadits,21
rows,nusantara,21
rows,usman,21
rows,merah,21
rows,menjadikan,21
rows,kalangan,21
rows,buka,21
rows,sebut,21
rows,bahasa,21
rows,kebenaran,21
rows,ekonomi,21
rows,bio,21
rows,pilihan,21
rows,abis,21
rows,kesempatan,21
rows,alaihi,21
rows,khususnya,21
rows,like,21
rows,perdana,21
rows,bicara,21
rows,massa,21
rows,qassam,21
rows,savepalestine,21
rows,iya,21
rows,pakai,21
rows,buzzer,21
rows,ngga,21
rows,usah,20
rows,penguasa,20
rows,rencana,20
rows,tank,20
rows,damai,20
rows,begini,20
rows,google,20
rows,gaji,20
rows,gagal,20
rows,artinya,20
rows,anggota,20
rows,nasional,20
rows,berhasil,20
rows,isi,20
rows,terlalu,20
rows,tuli,20
rows,tiktok,20
rows,dapet,20
rows,mirip,20
rows,tim,20
rows,membeli,20
rows,pekerjaan,20
rows,sekte,20
rows,pura,20
rows,bila,20
rows,gara,20
rows,setuju,20
rows,bernama,20
rows,laki,20
rows,nah,20
rows,surat,20
rows,ngapain,20
rows,pks,20
rows,ambil,20
rows,lokal,20
rows,marah,20
rows,mas,20
rows,heran,20
rows,tiga,20
rows,kejadian,20
rows,salaf,20
rows,sabtu,20
rows,pertahanan,20
rows,aturan,20
rows,pendudukan,20
rows,terbaru,20
rows,amat,20
rows,gerakan,20
rows,qur'an,20
rows,bisex,20
rows,abdul,20
rows,wkwk,20
rows,tante,20
rows,busuk,19
rows,pulau,19
rows,mengakui,19
rows,posting,19
rows,barang,19
rows,indo,19
rows,semuanya,19
rows,isu,19
rows,kasus,19
rows,bangun,19
rows,budak,19
rows,alam,19
rows,golongan,19
rows,yakni,19
rows,tanya,19
rows,faktanya,19
rows,naik,19
rows,sayang,19
rows,nomor,19
rows,pesawat,19
rows,mencapai,19
rows,menuju,19
rows,perusahaan,19
rows,etik,19
rows,betapa,19
rows,terlihat,19
rows,panas,19
rows,logika,19
rows,pengikut,19
rows,namanya,19
rows,sulit,19
rows,aceh,19
rows,menentang,19
rows,menyampaikan,19
rows,ham,19
rows,majelis,19
rows,menjaga,19
rows,bombardir,19
rows,sampah,19
rows,msh,19
rows,tidur,19
rows,kuburan,19
rows,sebelumnya,19
rows,nonton,19
rows,membuka,19
rows,istri,19
rows,keadaan,19
rows,hizbullah,19
rows,total,19
rows,hujan,19
rows,nangis,19
rows,dana,19
rows,kebiadaban,19
rows,saw,19
rows,alhamdulillah,19
rows,pemuda,18
rows,mengusir,18
rows,ribuan,18
rows,dibuat,18
rows,menganggap,18
rows,buku,18
rows,nurani,18
rows,disini,18
rows,bekerja,18
rows,sang,18
rows,berubah,18
rows,najwa,18
rows,hancurkan,18
rows,daerah,18
rows,mental,18
rows,empat,18
rows,melanggar,18
rows,putih,18
rows,simak,18
rows,jihad,18
rows,calon,18
rows,nazi,18
rows,imin,18
rows,diketahui,18
rows,brutal,18
rows,terbaik,18
rows,perkara,18
rows,palestin,18
rows,buruk,18
rows,susah,18
rows,tentu,18
rows,jurnalis,18
rows,ustadz,18
rows,freegaza,18
rows,berhenti,18
rows,laporan,18
rows,klik,18
rows,kantor,18
rows,lapangan,18
rows,syaikh,18
rows,dakwah,18
rows,kirim,18
rows,pelaku,18
rows,kaki,18
rows,dungu,18
rows,abi,18
rows,manhaj,18
rows,pesan,17
rows,jual,17
rows,lebanon,17
rows,mobil,17
rows,korupsi,17
rows,menguasai,17
rows,jutaan,17
rows,berasal,17
rows,mending,17
rows,mrk,17
rows,mampu,17
rows,tukang,17
rows,darah,17
rows,balas,17
rows,film,17
rows,kira,17
rows,usia,17
rows,malu,17
rows,investasi,17
rows,dibilang,17
rows,gama,17
rows,berharap,17
rows,layak,17
rows,meninggalkan,17
rows,komunitas,17
rows,membantai,17
rows,selatan,17
rows,mendapat,17
rows,diduga,17
rows,operasi,17
rows,badan,17
rows,kehilangan,17
rows,kah,17
rows,real,17
rows,mengecam,17
rows,habib,17
rows,komen,17
rows,play,17
rows,kebencian,17
rows,bahan,17
rows,kekerasan,17
rows,perbatasan,17
rows,kamp,17
rows,beneran,17
rows,maulid,17
rows,syariat,17
rows,ahlussunnah,17
rows,tni,16
rows,waspada,16
rows,dki,16
rows,ingat,16
rows,tionghoa,16
rows,non,16
rows,adu,16
rows,katakan,16
rows,abad,16
rows,menghadapi,16
rows,harapan,16
rows,terbesar,16
rows,senang,16
rows,youtube,16
rows,bagus,16
rows,jerman,16
rows,walaupun,16
rows,kawasan,16
rows,cuman,16
rows,surga,16
rows,nyawa,16
rows,bantai,16
rows,kasar,16
rows,pantas,16
rows,bingung,16
rows,mengenai,16
rows,genocide,16
rows,macam,16
rows,insyaallah,16
rows,hanyalah,16
rows,pendukungnya,16
rows,store,16
rows,turki,16
rows,pria,16
rows,diterima,16
rows,mengumumkan,16
rows,zionisme,16
rows,yerusalem,16
rows,menyebabkan,16
rows,jumlah,16
rows,lho,16
rows,source,16
rows,sesuatu,16
rows,penting,16
rows,paman,16
rows,iman,16
rows,ummat,16
rows,ama,16
rows,keji,16
rows,lanjut,15
rows,mahasiswa,15
rows,buatan,15
rows,satunya,15
rows,sedikit,15
rows,demokrasi,15
rows,wakil,15
rows,group,15
rows,cnn,15
rows,nasib,15
rows,sebelah,15
rows,miskin,15
rows,tulisan,15
rows,kemenangan,15
rows,merusak,15
rows,dirinya,15
rows,seseorang,15
rows,pencalonan,15
rows,kemarin,15
rows,malaysia,15
rows,netizen,15
rows,pergi,15
rows,perdamaian,15
rows,setidaknya,15
rows,jadikan,15
rows,trs,15
rows,free,15
rows,akbar,15
rows,perlawanan,15
rows,capek,15
rows,usai,15
rows,republik,15
rows,shallallahu,15
rows,seakan,15
rows,rasanya,15
rows,selesai,15
rows,dosa,15
rows,kuasa,15
rows,darat,15
rows,terbunuh,15
rows,via,15
rows,bertemu,15
rows,artis,15
rows,breaking,15
rows,konten,15
rows,asia,15
rows,diem,15
rows,ganti,15
rows,target,15
rows,melindungi,15
rows,sedih,15
rows,cok,15
rows,dikit,15
rows,aneh,15
rows,kayaknya,15
rows,yah,15
rows,ngerti,15
rows,cowok,15
rows,wkwkwk,15
rows,rasul,15
rows,hadist,15
rows,dokter,14
rows,sekutu,14
rows,klaim,14
rows,joe,14
rows,ngibul,14
rows,tpi,14
rows,mantan,14
rows,jujur,14
rows,digunakan,14
rows,bokep,14
rows,keadilan,14
rows,generasi,14
rows,pintu,14
rows,rela,14
rows,langkah,14
rows,gaya,14
rows,gus,14
rows,sengaja,14
rows,koalisi,14
rows,upaya,14
rows,melayu,14
rows,berbuat,14
rows,megawati,14
rows,putra,14
rows,budaya,14
rows,wali,14
rows,berakhir,14
rows,relawan,14
rows,mundur,14
rows,donasi,14
rows,tsb,14
rows,gelar,14
rows,terang,14
rows,gunakan,14
rows,medan,14
rows,puluhan,14
rows,kompas,14
rows,cak,14
rows,tepi,14
rows,love,14
rows,allahu,14
rows,gampang,14
rows,sallam,14
rows,keduanya,14
rows,kutuk,14
rows,bayar,14
rows,dekat,14
rows,lembaga,14
rows,izin,14
rows,tubuh,14
rows,reuters,14
rows,app,14
rows,download,14
rows,binatang,14
rows,besok,14
rows,menargetkan,14
rows,perbuatan,14
rows,medis,14
rows,sholat,14
rows,berdasarkan,14
rows,fyp,14
rows,nyari,14
rows,kementerian,14
rows,pulang,14
rows,terluka,14
rows,menyuarakan,14
rows,dibantai,14
rows,sebanyak,14
rows,tanggal,14
rows,bangga,14
rows,berdosa,14
rows,teh,14
rows,homo,14
rows,bersalah,14
rows,perbedaan,14
rows,gatau,14
rows,mujahidin,14
rows,keyakinan,14
rows,belah,14
rows,baju,14
rows,tag,14
rows,soalnya,14
rows,bajingan,14
rows,mengungsi,14
rows,ajg,14
rows,misi,14
rows,tipu,14
rows,utsman,14
rows,pasutri,14
rows,debat,13
rows,tempur,13
rows,irak,13
rows,ber,13
rows,membangun,13
rows,rakyatnya,13
rows,melarang,13
rows,yuk,13
rows,data,13
rows,hrs,13
rows,fokus,13
rows,jejak,13
rows,kepentingan,13
rows,ikuti,13
rows,pribadi,13
rows,betul,13
rows,belanda,13
rows,anaknya,13
rows,lagu,13
rows,facebook,13
rows,era,13
rows,berdiri,13
rows,sukses,13
rows,bohong,13
rows,opini,13
rows,penyakit,13
rows,gedung,13
rows,dinasti,13
rows,ibarat,13
rows,cindo,13
rows,bola,13
rows,minum,13
rows,sisi,13
rows,pindah,13
rows,menjajah,13
rows,lahir,13
rows,giliran,13
rows,kadang,13
rows,nilai,13
rows,babak,13
rows,gemoy,13
rows,menangkan,13
rows,okt,13
rows,bacot,13
rows,bung,13
rows,halal,13
rows,kebohongan,13
rows,domba,13
rows,with,13
rows,menyesatkan,13
rows,kisah,13
rows,nyerang,13
rows,uud,13
rows,elu,13
rows,solo,13
rows,sebaliknya,13
rows,batas,13
rows,berbeda,13
rows,tetep,13
rows,luka,13
rows,aqsa,13
rows,guys,13
rows,pertempuran,13
rows,terbuka,13
rows,bukannya,13
rows,arah,13
rows,mencoba,13
rows,pendapat,13
rows,miliar,13
rows,meski,13
rows,sasaran,13
rows,anggap,13
rows,pemboman,13
rows,memberi,13
rows,mengetahui,13
rows,azab,13
rows,niat,13
rows,beriman,13
rows,diberi,13
rows,taimiyah,13
rows,sekelompok,13
rows,umur,13
rows,alkitab,13
rows,sma,13
rows,kemana,13
rows,setengah,13
rows,merayakan,13
rows,jogja,13
rows,fans,13
rows,khawarij,13
rows,alquran,13
rows,palestinegenocide,13
rows,hindu,12
rows,ikn,12
rows,pajak,12
rows,posisi,12
rows,situasi,12
rows,bidang,12
rows,menyerah,12
rows,etnis,12
rows,kaget,12
rows,hutang,12
rows,teknologi,12
rows,ancaman,12
rows,jenderal,12
rows,kebijakan,12
rows,bbm,12
rows,agung,12
rows,menerus,12
rows,pemukiman,12
rows,dibunuh,12
rows,peringatan,12
rows,modern,12
rows,publik,12
rows,maha,12
rows,ataupun,12
rows,dijajah,12
rows,menyebar,12
rows,alat,12
rows,bisnis,12
rows,wowo,12
rows,bergabung,12
rows,memimpin,12
rows,kehancuran,12
rows,drun,12
rows,tetangga,12
rows,pemerintahan,12
rows,jongos,12
rows,jaringan,12
rows,program,12
rows,minimal,12
rows,ente,12
rows,alias,12
rows,menghina,12
rows,gabung,12
rows,taipei,12
rows,sekaligus,12
rows,gelap,12
rows,universitas,12
rows,tepat,12
rows,tinggalkan,12
rows,luas,12
rows,kerusakan,12
rows,berpikir,12
rows,laut,12
rows,bebas,12
rows,pejabat,12
rows,genetik,12
rows,support,12
rows,meskipun,12
rows,nuklir,12
rows,hukuman,12
rows,israelinewnazism,12
rows,sodara,12
rows,online,12
rows,nyesel,12
rows,puan,12
rows,tunduk,12
rows,duduk,12
rows,kerjaan,12
rows,beribadah,12
rows,seharusnya,12
rows,pertanyaan,12
rows,percuma,12
rows,retno,12
rows,dalih,12
rows,sibuk,12
rows,menuduh,12
rows,keamanan,12
rows,banyaknya,12
rows,negaranya,12
rows,uda,12
rows,tel,12
rows,mampus,12
rows,kelak,12
rows,mengancam,12
rows,kejahatanperang,12
rows,setempat,12
rows,aplikasi,12
rows,trending,12
rows,membebaskan,12
rows,menyebarkan,12
rows,temukan,12
rows,protes,12
rows,chinese,12
rows,raya,12
rows,wal,12
rows,lingkungan,12
rows,wah,12
rows,state,12
rows,victim,12
rows,adapun,12
rows,mulia,12
rows,anj,12
rows,otaknya,12
rows,nasrani,12
rows,jelek,12
rows,vcs,12
rows,madinah,12
rows,houthi,12
rows,thalib,12
rows,penipu,12
rows,misalnya,11
rows,tutup,11
rows,pinter,11
rows,lari,11
rows,sekutunya,11
rows,tenaga,11
rows,kerajaan,11
rows,persia,11
rows,penganut,11
rows,hasan,11
rows,pengusaha,11
rows,siapapun,11
rows,emas,11
rows,bahaya,11
rows,pendiri,11
rows,bersih,11
rows,stop,11
rows,menjawab,11
rows,subianto,11
rows,modal,11
rows,konsep,11
rows,riwayat,11
rows,nenek,11
rows,jepang,11
rows,tertipu,11
rows,terlibat,11
rows,pintar,11
rows,bau,11
rows,matanya,11
rows,panggil,11
rows,narasi,11
rows,sekalipun,11
rows,janda,11
rows,rusak,11
rows,lgbtq,11
rows,batam,11
rows,aslinya,11
rows,koruptor,11
rows,ketakutan,11
rows,piala,11
rows,buruh,11
rows,hamil,11
rows,wong,11
rows,pengeboman,11
rows,henti,11
rows,mengklaim,11
rows,dendam,11
rows,rasis,11
rows,ganjarpranowo,11
rows,amanah,11
rows,memusuhi,11
rows,dewan,11
rows,nge,11
rows,spt,11
rows,mimpi,11
rows,kenyataan,11
rows,hadir,11
rows,lima,11
rows,bkn,11
rows,memerangi,11
rows,kawan,11
rows,hukumnya,11
rows,terdapat,11
rows,menjelaskan,11
rows,dongeng,11
rows,bekas,11
rows,kendaraan,11
rows,story,11
rows,aviv,11
rows,dibom,11
rows,hilang,11
rows,diatas,11
rows,perjanjian,11
rows,repost,11
rows,kapal,11
rows,website,11
rows,dituduh,11
rows,syahid,11
rows,menutup,11
rows,menewaskan,11
rows,global,11
rows,matian,11
rows,langit,11
rows,ancam,11
rows,sehari,11
rows,hentikan,11
rows,wajar,11
rows,pembangunan,11
rows,hebat,11
rows,husein,11
rows,membaca,11
rows,september,11
rows,jenis,11
rows,bertanya,11
rows,suruh,11
rows,malem,11
rows,perilaku,11
rows,fisik,11
rows,hitler,11
rows,maki,11
rows,cantik,11
rows,palestinamelawan,11
rows,berpihak,11
rows,sanggup,11
rows,guna,11
rows,didukung,11
rows,kajian,11
rows,terkini,11
rows,panjang,11
rows,aqsha,11
rows,all,11
rows,ribut,11
rows,pdhl,11
rows,muhammadiyah,11
rows,kaga,11
rows,ordebarureborn,11
rows,pengakuan,11
rows,isinya,11
rows,ahlusunnah,11
rows,memfitnah,11
rows,rame,11
rows,lesbian,11
rows,puas,11
rows,ready,11
rows,sange,11
rows,muhamad,11
rows,syaikhul,11
rows,gazagenocide,11
rows,india,10
rows,tiongkok,10
rows,bebaskan,10
rows,investor,10
rows,periode,10
rows,hormat,10
rows,gubernur,10
rows,thn,10
rows,sekedar,10
rows,tuan,10
rows,setara,10
rows,nepotisme,10
rows,medsos,10
rows,api,10
rows,biarkan,10
rows,sebutan,10
rows,mencegah,10
rows,sejahtera,10
rows,budek,10
rows,pendidikan,10
rows,ahok,10
rows,fix,10
rows,pukul,10
rows,menjual,10
rows,fatimiyah,10
rows,proses,10
rows,kemungkinan,10
rows,kagak,10
rows,politisi,10
rows,drama,10
rows,timnas,10
rows,identitas,10
rows,sah,10
rows,simbol,10
rows,suriah,10
rows,muhaimin,10
rows,kubu,10
rows,licik,10
rows,menghasilkan,10
rows,berjalan,10
rows,fuck,10
rows,super,10
rows,kpu,10
rows,surya,10
rows,dpt,10
rows,rata,10
rows,berperang,10
rows,warganya,10
rows,see,10
rows,israelterrorists,10
rows,bem,10
rows,buang,10
rows,erdogan,10
rows,ruang,10
rows,menyelamatkan,10
rows,kotor,10
rows,ditolak,10
rows,ikutan,10
rows,hobi,10
rows,international,10
rows,blm,10
rows,hotel,10
rows,selamatkan,10
rows,normal,10
rows,gangguan,10
rows,smua,10
rows,membuktikan,10
rows,photo,10
rows,jenazah,10
rows,informasi,10
rows,bertanggung,10
rows,melaporkan,10
rows,telegram,10
rows,batu,10
rows,tvone,10
rows,gerbang,10
rows,roket,10
rows,tugas,10
rows,sholeh,10
rows,sosok,10
rows,your,10
rows,menlu,10
rows,marsudi,10
rows,ayah,10
rows,tweet,10
rows,menurutnya,10
rows,dipakai,10
rows,fasilitas,10
rows,hadapan,10
rows,korea,10
rows,dihancurkan,10
rows,penjahat,10
rows,urusan,10
rows,jatuh,10
rows,tafsir,10
rows,rahimahullah,10
rows,kedok,10
rows,kecaman,10
rows,pembunuh,10
rows,lantaran,10
rows,time,10
rows,post,10
rows,menyetujui,10
rows,umumnya,10
rows,berlaku,10
rows,otoritas,10
rows,kebutuhan,10
rows,pasca,10
rows,not,10
rows,paksa,10
rows,kesehatan,10
rows,sempat,10
rows,area,10
rows,ngeliat,10
rows,campur,10
rows,ceasefirenow,10
rows,jaga,10
rows,untung,10
rows,bedanya,10
rows,peristiwa,10
rows,menderita,10
rows,biasanya,10
rows,kebaikan,10
rows,isa,10
rows,membalas,10
rows,memahami,10
rows,bangunan,10
rows,bakalan,10
rows,nasdem,10
rows,bang,10
rows,gamau,10
rows,budha,10
rows,keliatan,10
rows,penyebaran,10
rows,transgender,10
rows,some,10
rows,menyimpang,10
rows,haji,10
rows,perasaan,10
rows,makkah,10
rows,ciri,10
rows,duluan,10
rows,metode,10
rows,wahab,10
rows,diantara,10
rows,wafat,10
rows,edisi,10
rows,kolom,10
rows,menimbulkan,10
rows,kocak,10
rows,taurat,10
rows,membenarkan,10
rows,anjg,10
rows,gausah,10
rows,emosi,10
rows,usul,9
rows,team,9
rows,mengajarkan,9
rows,ijazah,9
rows,menciptakan,9
rows,ncep,9
rows,assalamualaikum,9
rows,jelang,9
rows,terpilih,9
rows,warna,9
rows,gadis,9
rows,pahlawan,9
rows,bos,9
rows,diberikan,9
rows,menyembah,9
rows,musik,9
rows,dalamnya,9
rows,istimewa,9
rows,faham,9
rows,kritis,9
rows,bro,9
rows,solusi,9
rows,kabur,9
rows,loh,9
rows,usa,9
rows,aparat,9
rows,bait,9
rows,maksudnya,9
rows,undang,9
rows,nanya,9
rows,buzzerp,9
rows,kasihan,9
rows,kucing,9
rows,gege,9
rows,mikir,9
rows,liputan,9
rows,rada,9
rows,hakim,9
rows,diklaim,9
rows,apaan,9
rows,mendadak,9
rows,raja,9
rows,pembela,9
rows,dibayar,9
rows,ragu,9
rows,jin,9
rows,kader,9
rows,loe,9
rows,papua,9
rows,berikan,9
rows,penolakan,9
rows,bersikap,9
rows,model,9
rows,lha,9
rows,huruf,9
rows,kuasai,9
rows,berdoa,9
rows,hatinya,9
rows,kebodohan,9
rows,tambahan,9
rows,ajak,9
rows,ngakak,9
rows,profesor,9
rows,berisi,9
rows,unhcr,9
rows,pengalaman,9
rows,mengingatkan,9
rows,kiamat,9
rows,insya,9
rows,lemah,9
rows,mendoakan,9
rows,diambil,9
rows,menuntut,9
rows,teguh,9
rows,berlindung,9
rows,berpegang,9
rows,lbh,9
rows,persis,9
rows,berdua,9
rows,nikah,9
rows,saatnya,9
rows,buktinya,9
rows,masing,9
rows,kegiatan,9
rows,kezaliman,9
rows,terimakasih,9
rows,teror,9
rows,mempunyai,9
rows,bersabda,9
rows,bukhari,9
rows,belakangan,9
rows,juru,9
rows,times,9
rows,besaran,9
rows,defense,9
rows,terafiliasi,9
rows,dilansir,9
rows,menyerukan,9
rows,harap,9
rows,pekan,9
rows,detik,9
rows,larangan,9
rows,berusia,9
rows,obat,9
rows,menambah,9
rows,saksi,9
rows,surabaya,9
rows,ganteng,9
rows,perwakilan,9
rows,menggelar,9
rows,mayat,9
rows,nyatakan,9
rows,ngobrol,9
rows,dahulu,9
rows,membombardir,9
rows,penjara,9
rows,penindasan,9
rows,member,9
rows,tidaklah,9
rows,bertahan,9
rows,pacar,9
rows,ambulans,9
rows,shalih,9
rows,agak,9
rows,serius,9
rows,bubarkan,9
rows,iki,9
rows,reply,9
rows,playing,9
rows,netral,9
rows,kera,9
rows,ngeri,9
rows,monyet,9
rows,murah,9
rows,pasien,9
rows,persen,9
rows,social,9
rows,hidayah,9
rows,mencintai,9
rows,meyakini,9
rows,istana,9
rows,qatar,9
rows,shalat,9
rows,kesel,9
rows,belain,9
rows,wahyu,9
rows,apabila,9
rows,mencaci,9
rows,sekalian,9
rows,pemikiran,9
rows,kalimat,9
rows,lanjutan,9
rows,kdrt,9
rows,hindia,9
rows,gede,9
rows,karangan,9
rows,akidah,9
rows,jama,9
rows,mengira,9
rows,bidah,9
rows,rahimahullahu,9
rows,radhiyallahu,9
rows,menolong,9
rows,dalil,9
rows,pantes,9
rows,terkutuk,9
rows,congratulations,9
rows,konoha,9
rows,massal,8
rows,pesantren,8
rows,turunan,8
rows,nikel,8
rows,olah,8
rows,prancis,8
rows,revolusi,8
rows,wadas,8
rows,jkw,8
rows,selanjutnya,8
rows,dipaksa,8
rows,peradaban,8
rows,belakang,8
rows,tercinta,8
rows,dikuasai,8
rows,semesta,8
rows,barisan,8
rows,berfikir,8
rows,gagasan,8
rows,puji,8
rows,tertentu,8
rows,bisanya,8
rows,kelaparan,8
rows,berjudul,8
rows,prestasi,8
rows,jdi,8
rows,culas,8
rows,diikuti,8
rows,menilai,8
rows,asam,8
rows,ambisi,8
rows,beban,8
rows,sifat,8
rows,sombong,8
rows,kpk,8
rows,alloh,8
rows,tuk,8
rows,baliho,8
rows,patung,8
rows,dibalik,8
rows,kehormatan,8
rows,putaran,8
rows,antar,8
rows,diragukan,8
rows,suku,8
rows,ketiga,8
rows,harta,8
rows,mesjid,8
rows,warahmatullahi,8
rows,koar,8
rows,merampok,8
rows,berkali,8
rows,nyamuk,8
rows,belur,8
rows,sepertinya,8
rows,kesalahan,8
rows,memasuki,8
rows,com,8
rows,merampas,8
rows,giselle,8
rows,daftar,8
rows,stand,8
rows,milih,8
rows,ujar,8
rows,mengajak,8
rows,prabowosubianto,8
rows,mengungkapkan,8
rows,memutuskan,8
rows,nak,8
rows,gaes,8
rows,waktunya,8
rows,syi,8
rows,mendengar,8
rows,keren,8
rows,tertulis,8
rows,dibawah,8
rows,hitam,8
rows,kereta,8
rows,bab,8
rows,seruan,8
rows,unggahan,8
rows,pihaknya,8
rows,cnbc,8
rows,channel,8
rows,gas,8
rows,niam,8
rows,produsen,8
rows,diduduki,8
rows,panik,8
rows,gal,8
rows,dikabarkan,8
rows,gadot,8
rows,prajurit,8
rows,catatan,8
rows,disebutkan,8
rows,official,8
rows,melancarkan,8
rows,mengadakan,8
rows,bungkam,8
rows,militan,8
rows,sedunia,8
rows,diplomatik,8
rows,halaman,8
rows,siswa,8
rows,bertambah,8
rows,menjatuhkan,8
rows,silakan,8
rows,belas,8
rows,berbahaya,8
rows,pertemuan,8
rows,world,8
rows,dialami,8
rows,akui,8
rows,mengebom,8
rows,kamimuak,8
rows,aktivis,8
rows,sepakat,8
rows,gegara,8
rows,sumur,8
rows,krisis,8
rows,said,8
rows,karno,8
rows,perlindungan,8
rows,hina,8
rows,konteks,8
rows,tawanan,8
rows,dikenal,8
rows,perintah,8
rows,larang,8
rows,serdadu,8
rows,kematian,8
rows,akar,8
rows,tahan,8
rows,hiburan,8
rows,live,8
rows,tampak,8
rows,btw,8
rows,berupa,8
rows,alasannya,8
rows,item,8
rows,dengar,8
rows,enggak,8
rows,stopgazagenocide,8
rows,demonstrasi,8
rows,sosmed,8
rows,pendeta,8
rows,australia,8
rows,sesudah,8
rows,lihatlah,8
rows,harusnya,8
rows,kepikiran,8
rows,kepadanya,8
rows,elit,8
rows,freepalaestine,8
rows,stopgenocideingaza,8
rows,plus,8
rows,berkedok,8
rows,komisi,8
rows,tersebar,8
rows,bermanfaat,8
rows,iphone,8
rows,padang,8
rows,membom,8
rows,benarkah,8
rows,merebut,8
rows,rendah,8
rows,menit,8
rows,dibombardir,8
rows,musibah,8
rows,gen,8
rows,singapura,8
rows,gaada,8
rows,what,8
rows,oknum,8
rows,jamaah,8
rows,ideologi,8
rows,sri,8
rows,mulyani,8
rows,ulang,8
rows,tikus,8
rows,terdepan,8
rows,kehidupan,8
rows,kyk,8
rows,fisip,8
rows,kesejahteraan,8
rows,islamophobia,8
rows,protestan,8
rows,buah,8
rows,pacaran,8
rows,garis,8
rows,dipenuhi,8
rows,doi,8
rows,kosong,8
rows,anying,8
rows,berantakan,8
rows,aisyah,8
rows,pendusta,8
rows,dikatakan,8
rows,bayangkan,8
rows,dibawa,8
rows,dihapus,8
rows,gelora,8
rows,kamar,8
rows,boti,8
rows,mega,8
rows,musnah,8
rows,asu,8
rows,iraq,8
rows,hajar,8
rows,bakr,8
rows,caranya,8
rows,ldii,8
rows,mengkafirkan,8
rows,amal,8
rows,orangnya,8
rows,ash,8
rows,syirik,8
rows,khattab,8
rows,murid,8
rows,bathiniyah,8
rows,barangsiapa,8
rows,mreka,8
rows,wna,7
rows,beras,7
rows,oligarki,7
rows,pengetahuan,7
rows,dibakar,7
rows,dipimpin,7
rows,entah,7
rows,tanda,7
rows,bangkit,7
rows,nuduh,7
rows,dibanding,7
rows,agamanya,7
rows,memerintahkan,7
rows,berkat,7
rows,esa,7
rows,pertiwi,7
rows,menyesal,7
rows,invasi,7
rows,keberadaan,7
rows,tanggung,7
rows,pikiran,7
rows,usaha,7
rows,aseng,7
rows,trauma,7
rows,dur,7
rows,kendali,7
rows,ibunya,7
rows,peran,7
rows,negri,7
rows,banggakan,7
rows,jualan,7
rows,masi,7
rows,seandainya,7
rows,full,7
rows,akhlak,7
rows,ulah,7
rows,warisan,7
rows,wni,7
rows,karpet,7
rows,dialog,7
rows,cebong,7
rows,disampaikan,7
rows,dibangun,7
rows,slama,7
rows,stress,7
rows,timnasday,7
rows,hadapi,7
rows,pakaian,7
rows,pimpinan,7
rows,widodo,7
rows,kedepannya,7
rows,warganet,7
rows,kebakaran,7
rows,israil,7
rows,sampaikan,7
rows,watak,7
rows,berdarah,7
rows,tumbang,7
rows,memalukan,7
rows,tembok,7
rows,pembenci,7
rows,merasakan,7
rows,maling,7
rows,tambah,7
rows,desa,7
rows,beritaviral,7
rows,sholawat,7
rows,menipu,7
rows,simpati,7
rows,ttp,7
rows,dinas,7
rows,dikepung,7
rows,aliansi,7
rows,menghalangi,7
rows,kerjanya,7
rows,kode,7
rows,terjajah,7
rows,lelaki,7
rows,mumpuni,7
rows,kabinet,7
rows,pasir,7
rows,kanan,7
rows,lansia,7
rows,people,7
rows,putus,7
rows,mangga,7
rows,males,7
rows,menangkap,7
rows,kiky,7
rows,pagiii,7
rows,payah,7
rows,komando,7
rows,sendirian,7
rows,lidah,7
rows,budi,7
rows,prediksi,7
rows,cocok,7
rows,sistem,7
rows,berkaitan,7
rows,dibandingkan,7
rows,beri,7
rows,omong,7
rows,diatur,7
rows,bank,7
rows,tegak,7
rows,sabar,7
rows,fifa,7
rows,memutus,7
rows,ras,7
rows,angkatan,7
rows,memboikot,7
rows,membiarkan,7
rows,bersembunyi,7
rows,newsone,7
rows,cariberitaditvone,7
rows,hardnews,7
rows,duta,7
rows,pasalnya,7
rows,tega,7
rows,ungkap,7
rows,alami,7
rows,turut,7
rows,pengaruh,7
rows,emyu,7
rows,asrorun,7
rows,penggunaan,7
rows,menyalahkan,7
rows,viva,7
rows,mengirimkan,7
rows,lokasi,7
rows,memenuhi,7
rows,war,7
rows,pandang,7
rows,jazeera,7
rows,dilaporkan,7
rows,intelijen,7
rows,infografis,7
rows,comments,7
rows,top,7
rows,agustus,7
rows,penderitaan,7
rows,ditangkap,7
rows,syarat,7
rows,yordania,7
rows,bapaknya,7
rows,novel,7
rows,seiman,7
rows,abdullah,7
rows,sebarkan,7
rows,beritasatu,7
rows,kutukan,7
rows,risalah,7
rows,sebenernya,7
rows,afp,7
rows,dibaca,7
rows,musk,7
rows,elon,7
rows,pangeran,7
rows,nafsu,7
rows,sepanjang,7
rows,menghadiri,7
rows,tingkat,7
rows,standar,7
rows,sejauh,7
rows,suami,7
rows,berjanji,7
rows,dusta,7
rows,shifa,7
rows,sekian,7
rows,brand,7
rows,hud,7
rows,min,7
rows,meningkat,7
rows,paket,7
rows,mematikan,7
rows,new,7
rows,mengalahkan,7
rows,dipake,7
rows,serukan,7
rows,siapakah,7
rows,perwira,7
rows,karya,7
rows,fak,7
rows,ta'ala,7
rows,serupa,7
rows,pelangi,7
rows,kontroversi,7
rows,pecah,7
rows,penyembah,7
rows,masak,7
rows,diluar,7
rows,blg,7
rows,ngelunjak,7
rows,hapus,7
rows,agen,7
rows,syam,7
rows,sono,7
rows,tantrum,7
rows,banjir,7
rows,najis,7
rows,freepalestinefromisrael,7
rows,mengucapkan,7
rows,menangis,7
rows,maen,7
rows,yaaa,7
rows,mencatat,7
rows,who,7
rows,desember,7
rows,polri,7
rows,galang,7
rows,momen,7
rows,ukraina,7
rows,januari,7
rows,pecundang,7
rows,seneng,7
rows,man,7
rows,bet,7
rows,sep,7
rows,gilanya,7
rows,perhatikan,7
rows,kepercayaan,7
rows,dateng,7
rows,ios,7
rows,doakan,7
rows,tan,7
rows,fpi,7
rows,jama'ah,7
rows,penulis,7
rows,sayyidina,7
rows,minoritas,7
rows,kenal,7
rows,ketawa,7
rows,emng,7
rows,pertikaian,7
rows,benda,7
rows,radikal,7
rows,ritual,7
rows,melaknat,7
rows,anhum,7
rows,stadion,7
rows,umkm,7
rows,menhan,7
rows,massage,7
rows,feni,7
rows,banci,7
rows,maksud,7
rows,ngentot,7
rows,stay,7
rows,khan,7
rows,jarang,7
rows,mekah,7
rows,berkembang,7
rows,halnya,7
rows,kudu,7
rows,induk,7
rows,musnahkan,7
rows,kitabnya,7
rows,mbak,7
rows,ikhwanul,7
rows,tabligh,7
rows,wahhabi,7
rows,isis,7
rows,hti,7
rows,bertentangan,7
rows,amalan,7
rows,mazhab,7
rows,affan,7
rows,kakek,7
rows,contohnya,7
rows,gulam,7
rows,terdahulu,7
rows,bumerang,7
rows,ubaid,7
rows,ingatlah,7
rows,daud,7
rows,riba,7
rows,yak,7
rows,definisi,7
rows,baptis,7
rows,plis,7
rows,baitulmaqdis,7
rows,jahanam,7
rows,memaksa,6
rows,pancasila,6
rows,fahmi,6
rows,serba,6
rows,soeharto,6
rows,persatuan,6
rows,putin,6
rows,kang,6
rows,berbondong,6
rows,ton,6
rows,mantap,6
rows,pekerja,6
rows,menjelang,6
rows,ujung,6
rows,menikmati,6
rows,dibarengi,6
rows,mahal,6
rows,sembako,6
rows,pembodohan,6
rows,mmd,6
rows,ketahui,6
rows,sederhana,6
rows,pemilik,6
rows,melanjutkan,6
rows,quds,6
rows,salib,6
rows,mengimbau,6
rows,dilaksanakan,6
rows,membutuhkan,6
rows,pemilihan,6
rows,rekam,6
rows,berhati,6
rows,peluru,6
rows,prof,6
rows,nyaman,6
rows,impor,6
rows,boro,6
rows,nyapres,6
rows,sepi,6
rows,televisi,6
rows,kelahiran,6
rows,luhut,6
rows,penerus,6
rows,saham,6
rows,mengerti,6
rows,tindak,6
rows,setahun,6
rows,hadiah,6
rows,cita,6
rows,karbitan,6
rows,yohanes,6
rows,rugi,6
rows,utang,6
rows,gapapa,6
rows,kawin,6
rows,keliru,6
rows,joko,6
rows,sempurna,6
rows,jenggot,6
rows,pelakunya,6
rows,sebaik,6
rows,bisu,6
rows,peluang,6
rows,kemaren,6
rows,sempit,6
rows,enam,6
rows,mencela,6
rows,tangannya,6
rows,beritaterkini,6
rows,disuruh,6
rows,ajar,6
rows,topeng,6
rows,badut,6
rows,berdusta,6
rows,karir,6
rows,diganti,6
rows,wabarakatuh,6
rows,jubir,6
rows,pangkalan,6
rows,dipilih,6
rows,masalahnya,6
rows,lurah,6
rows,dengerin,6
rows,kepung,6
rows,maksa,6
rows,uni,6
rows,saudaranya,6
rows,ben,6
rows,tentaranya,6
rows,okezonecom,6
rows,nyuruh,6
rows,lindungilah,6
rows,senantiasa,6
rows,olahraga,6
rows,gazabombing,6
rows,gazaunderattack,6
rows,geniocide,6
rows,kunjungi,6
rows,hutan,6
rows,pembalasan,6
rows,merubah,6
rows,legitimasi,6
rows,hnya,6
rows,fanatik,6
rows,aniesbaswedan,6
rows,dingin,6
rows,memperjuangkan,6
rows,kritik,6
rows,please,6
rows,setanyahu,6
rows,permusuhan,6
rows,ukur,6
rows,menemukan,6
rows,doyan,6
rows,menghormati,6
rows,musa,6
rows,tulis,6
rows,ingatkan,6
rows,sisa,6
rows,lurus,6
rows,adlh,6
rows,makmur,6
rows,tunggu,6
rows,renungan,6
rows,keponakan,6
rows,oki,6
rows,putri,6
rows,block,6
rows,savegaza,6
rows,sprti,6
rows,toleransi,6
rows,vidio,6
rows,ayahnya,6
rows,ketat,6
rows,mencuri,6
rows,entitas,6
rows,freepalestina,6
rows,tegaskan,6
rows,kabupaten,6
rows,caption,6
rows,militernya,6
rows,kekhawatiran,6
rows,videonya,6
rows,perhatian,6
rows,penyerangan,6
rows,forces,6
rows,save,6
rows,poster,6
rows,menghindari,6
rows,transaksi,6
rows,pembicaraan,6
rows,bertahun,6
rows,mendorong,6
rows,covid,6
rows,bersuara,6
rows,santai,6
rows,mendesak,6
rows,tanggapan,6
rows,kriminal,6
rows,sepenuhnya,6
rows,dimulai,6
rows,per,6
rows,berbicara,6
rows,ditanya,6
rows,wartawan,6
rows,reporter,6
rows,pers,6
rows,sorotan,6
rows,terkenal,6
rows,mossad,6
rows,berinteraksi,6
rows,more,6
rows,allahuakbar,6
rows,peraturan,6
rows,atribut,6
rows,pelajaran,6
rows,mencaplok,6
rows,appstore,6
rows,situ,6
rows,home,6
rows,digital,6
rows,now,6
rows,sidang,6
rows,perangi,6
rows,dukungannya,6
rows,rapat,6
rows,rafah,6
rows,kelar,6
rows,this,6
rows,kerugian,6
rows,dipecat,6
rows,hadid,6
rows,keuntungan,6
rows,mengerikan,6
rows,blok,6
rows,dihentikan,6
rows,meresahkan,6
rows,pembelaan,6
rows,memaksakan,6
rows,band,6
rows,keluarganya,6
rows,pengangguran,6
rows,sangatlah,6
rows,konfirmasi,6
rows,digelar,6
rows,abang,6
rows,bersumpah,6
rows,kedatangan,6
rows,toilet,6
rows,tujuannya,6
rows,bolivia,6
rows,aktif,6
rows,sorry,6
rows,seret,6
rows,njir,6
rows,city,6
rows,manapun,6
rows,muslimah,6
rows,bertindak,6
rows,indon,6
rows,menggila,6
rows,bahas,6
rows,wkwkw,6
rows,musim,6
rows,bts,6
rows,pemukim,6
rows,diusir,6
rows,keknya,6
rows,dinilai,6
rows,laa,6
rows,ahlu,6
rows,ceasefireingaza,6
rows,dugaan,6
rows,inget,6
rows,israelterrorism,6
rows,membuang,6
rows,tata,6
rows,lapor,6
rows,menghapus,6
rows,madrid,6
rows,pemain,6
rows,situs,6
rows,subuh,6
rows,kecelakaan,6
rows,nasihat,6
rows,mendirikan,6
rows,penelitian,6
rows,pertandingan,6
rows,dikirim,6
rows,menuai,6
rows,malming,6
rows,fiikum,6
rows,lantang,6
rows,queer,6
rows,gtu,6
rows,mandarin,6
rows,kocar,6
rows,kacir,6
rows,ngewe,6
rows,dibikin,6
rows,lagian,6
rows,angka,6
rows,seru,6
rows,perutnya,6
rows,cmn,6
rows,merangkul,6
rows,legenda,6
rows,autis,6
rows,membedakan,6
rows,oke,6
rows,modus,6
rows,retweet,6
rows,gapernah,6
rows,aje,6
rows,bapa,6
rows,astaghfirullah,6
rows,gazahospital,6
rows,israelattack,6
rows,umatnya,6
rows,bocah,6
rows,dalem,6
rows,kelakuannya,6
rows,pecat,6
rows,ngebom,6
rows,paloh,6
rows,ganjarmahfud,6
rows,kampung,6
rows,ugm,6
rows,liberal,6
rows,kasian,6
rows,perayaan,6
rows,menonton,6
rows,ikhwan,6
rows,ketahuilah,6
rows,silsilah,6
rows,wolbachia,6
rows,egois,6
rows,penyimpangan,6
rows,virus,6
rows,pekanbaru,6
rows,that,6
rows,art,6
rows,berhijab,6
rows,remaja,6
rows,gbk,6
rows,dewasa,6
rows,babymonster,6
rows,sensual,6
rows,qory,6
rows,piting,6
rows,chris,6
rows,martin,6
rows,toxic,6
rows,nikmat,6
rows,dikira,6
rows,ehh,6
rows,tragedi,6
rows,sia,6
rows,menghalalkan,6
rows,pokok,6
rows,bid,6
rows,karbala,6
rows,bongkar,6
rows,kekhalifahan,6
rows,makar,6
rows,kebusukan,6
rows,tauhid,6
rows,tahrir,6
rows,assalamu'alaikum,6
rows,hizbut,6
rows,membongkar,6
rows,pandai,6
rows,menyuruh,6
rows,berangkat,6
rows,rahasia,6
rows,negerinya,6
rows,shahih,6
rows,mut'ah,6
rows,alih,6
rows,janganlah,6
rows,kasi,6
rows,tiada,6
rows,dst,6
rows,dsb,6
rows,pengungsian,6
rows,sulaiman,6
rows,maimun,6
rows,anhu,6
rows,ngebela,6
rows,syuhada,6
rows,berlebihan,6
rows,hahaha,6
rows,serem,6
rows,action,6
rows,toh,6
rows,internal,6
rows,freepalenstine,6
rows,attack,6
rows,pamanguilty,6
rows,jumatberkah,6
rows,aing,6
rows,bumn,6
rows,army,6
rows,meledak,6
rows,ngatain,6
rows,parasit,6
rows,bngt,6
rows,rezimhausdarah,6
rows,hell,6
rows,bjir,6
rows,sembarangan,6
rows,atur,5
rows,pimpin,5
rows,beredar,5
rows,bersenjata,5
rows,libya,5
rows,hubungannya,5
rows,kimia,5
rows,terlahir,5
rows,ngutang,5
rows,injak,5
rows,diinjak,5
rows,berkhianat,5
rows,kawal,5
rows,ktp,5
rows,kecurangan,5
rows,petugas,5
rows,pabrik,5
rows,bpk,5
rows,sebaiknya,5
rows,lulusan,5
rows,hilangnya,5
rows,menyasar,5
rows,dimiliki,5
rows,skenario,5
rows,keselamatan,5
rows,asalnya,5
rows,pertengahan,5
rows,pandangan,5
rows,seputar,5
rows,tartar,5
rows,pembebasan,5
rows,menyebutkan,5
rows,keagamaan,5
rows,kedepan,5
rows,minyak,5
rows,carilah,5
rows,hadis,5
rows,nyinyir,5
rows,arti,5
rows,goreng,5
rows,awas,5
rows,kemampuan,5
rows,disebabkan,5
rows,menggantikan,5
rows,masyarakatnya,5
rows,koplak,5
rows,jadilah,5
rows,jamin,5
rows,ormas,5
rows,manis,5
rows,kumpulan,5
rows,berguna,5
rows,back,5
rows,tebar,5
rows,senyum,5
rows,politiknya,5
rows,bagaikan,5
rows,cawapresnya,5
rows,denger,5
rows,sepakbola,5
rows,asian,5
rows,binasa,5
rows,mainnya,5
rows,chindo,5
rows,aib,5
rows,logo,5
rows,strategi,5
rows,judul,5
rows,menjilat,5
rows,dalang,5
rows,jari,5
rows,menyelesaikan,5
rows,meraih,5
rows,taklid,5
rows,setia,5
rows,bagai,5
rows,kedaulatan,5
rows,doktrin,5
rows,titik,5
rows,semata,5
rows,populer,5
rows,suni,5
rows,tampil,5
rows,mengatasnamakan,5
rows,mumpung,5
rows,ngasih,5
rows,mengumpulkan,5
rows,hahahaha,5
rows,bertujuan,5
rows,beradab,5
rows,citra,5
rows,batil,5
rows,dikarenakan,5
rows,barbar,5
rows,rusuh,5
rows,mengirim,5
rows,burung,5
rows,sikapnya,5
rows,cipta,5
rows,sulfat,5
rows,kalimantan,5
rows,merek,5
rows,terkadang,5
rows,populasi,5
rows,sayap,5
rows,julid,5
rows,perawatan,5
rows,ditengah,5
rows,lindungan,5
rows,kecewa,5
rows,kejamnya,5
rows,mba,5
rows,pagii,5
rows,hebron,5
rows,tomo,5
rows,sandera,5
rows,menunjukan,5
rows,dubai,5
rows,label,5
rows,memihak,5
rows,ditemukan,5
rows,daya,5
rows,bully,5
rows,nunggu,5
rows,monas,5
rows,membakar,5
rows,penghianat,5
rows,difitnah,5
rows,jalannya,5
rows,ramai,5
rows,wan,5
rows,tmn,5
rows,mesti,5
rows,walikota,5
rows,ngirim,5
rows,pingin,5
rows,bukankah,5
rows,kesamaan,5
rows,menjalankan,5
rows,lantas,5
rows,ahlus,5
rows,intimidasi,5
rows,perampasan,5
rows,cabang,5
rows,kuliah,5
rows,anehnya,5
rows,lawannya,5
rows,rambut,5
rows,salafy,5
rows,alwi,5
rows,berdampak,5
rows,sby,5
rows,mesra,5
rows,disiapkan,5
rows,berhak,5
rows,pakar,5
rows,engkau,5
rows,valid,5
rows,ttg,5
rows,tentunya,5
rows,solidaritas,5
rows,membagikan,5
rows,simpatisan,5
rows,mengungkap,5
rows,organ,5
rows,swedia,5
rows,dijual,5
rows,metrotvxtend,5
rows,sekretaris,5
rows,metr,5
rows,kakak,5
rows,straight,5
rows,pohon,5
rows,mengabaikan,5
rows,aktris,5
rows,miliknya,5
rows,layanan,5
rows,daniel,5
rows,mayor,5
rows,darurat,5
rows,awalnya,5
rows,pidato,5
rows,acuh,5
rows,tok,5
rows,gudang,5
rows,amerikaserikat,5
rows,center,5
rows,detikcom,5
rows,pengadilan,5
rows,pinterpolitik,5
rows,beritapolitik,5
rows,selaku,5
rows,laman,5
rows,mengibarkan,5
rows,kebangsaan,5
rows,lambang,5
rows,menormalisasi,5
rows,mengakibatkan,5
rows,komunikasi,5
rows,fosfor,5
rows,syar'i,5
rows,menyambut,5
rows,koordinator,5
rows,fraksi,5
rows,dibiarkan,5
rows,didirikan,5
rows,telak,5
rows,rejim,5
rows,perkataan,5
rows,keterangan,5
rows,terupdate,5
rows,idn,5
rows,community,5
rows,entertainment,5
rows,jokowidodo,5
rows,hawa,5
rows,diminta,5
rows,triliun,5
rows,asumsi,5
rows,ilustrasi,5
rows,menyangkal,5
rows,kerjasama,5
rows,republika,5
rows,ketahuan,5
rows,mengenal,5
rows,motif,5
rows,sujud,5
rows,men,5
rows,bbc,5
rows,dicopot,5
rows,penjelasan,5
rows,sayangnya,5
rows,menghibur,5
rows,peperangan,5
rows,konsisten,5
rows,cape,5
rows,huru,5
rows,hara,5
rows,kompak,5
rows,senilai,5
rows,adegan,5
rows,blak,5
rows,badai,5
rows,basmi,5
rows,panggilan,5
rows,menyerbu,5
rows,mulut,5
rows,berafiliasi,5
rows,melibatkan,5
rows,terangan,5
rows,manusiawi,5
rows,jabalia,5
rows,meme,5
rows,berkah,5
rows,internet,5
rows,akhirat,5
rows,ibrani,5
rows,diadili,5
rows,semenanjung,5
rows,reruntuhan,5
rows,subhanahu,5
rows,ucapan,5
rows,jebakan,5
rows,berencana,5
rows,berhala,5
rows,kian,5
rows,waria,5
rows,kebiri,5
rows,brani,5
rows,sedekah,5
rows,smp,5
rows,zionistsareevil,5
rows,ngalahin,5
rows,tiang,5
rows,mencopot,5
rows,byk,5
rows,drpd,5
rows,membersihkan,5
rows,its,5
rows,wajahnya,5
rows,hei,5
rows,dirimu,5
rows,memuji,5
rows,markas,5
rows,just,5
rows,profesional,5
rows,numpang,5
rows,duet,5
rows,berpendapat,5
rows,angkat,5
rows,buya,5
rows,harinya,5
rows,kerap,5
rows,red,5
rows,ngajak,5
rows,khas,5
rows,temannya,5
rows,maps,5
rows,tang,5
rows,bekasi,5
rows,juara,5
rows,maroko,5
rows,dipastikan,5
rows,berkibar,5
rows,motor,5
rows,riyadh,5
rows,tepatnya,5
rows,gunung,5
rows,slotgacor,5
rows,thailand,5
rows,dicabut,5
rows,pondok,5
rows,nasi,5
rows,rules,5
rows,dapatkan,5
rows,public,5
rows,mengandung,5
rows,pemenang,5
rows,event,5
rows,respect,5
rows,dilanda,5
rows,adab,5
rows,komedi,5
rows,lawak,5
rows,two,5
rows,merencanakan,5
rows,polos,5
rows,kak,5
rows,hai,5
rows,bareng,5
rows,cuci,5
rows,tersisa,5
rows,result,5
rows,jaya,5
rows,zonauang,5
rows,mahdi,5
rows,gpp,5
rows,membatalkan,5
rows,berwawasan,5
rows,bgst,5
rows,jijik,5
rows,fuji,5
rows,positif,5
rows,visi,5
rows,komplotan,5
rows,hendak,5
rows,tonton,5
rows,tobat,5
rows,temennya,5
rows,depannya,5
rows,gencar,5
rows,ijin,5
rows,modelan,5
rows,dihukum,5
rows,ngelawan,5
rows,haha,5
rows,curiga,5
rows,telinga,5
rows,maap,5
rows,nulis,5
rows,kampus,5
rows,bunda,5
rows,sejarahnya,5
rows,menelan,5
rows,memperingati,5
rows,menguntungkan,5
rows,dipanggil,5
rows,bintang,5
rows,alaa,5
rows,ditambah,5
rows,dinding,5
rows,tamu,5
rows,pembohong,5
rows,nash,5
rows,jauhi,5
rows,president,5
rows,santri,5
rows,menggambarkan,5
rows,semacam,5
rows,terserah,5
rows,dijaga,5
rows,bamukmin,5
rows,spotify,5
rows,granati,5
rows,mempertahankan,5
rows,gigolojogja,5
rows,laku,5
rows,somebandung,5
rows,gigolobandung,5
rows,ffm,5
rows,pasutribandung,5
rows,gigolo,5
rows,freeport,5
rows,dozan,5
rows,willy,5
rows,minat,5
rows,privasi,5
rows,only,5
rows,biaya,5
rows,ngedukung,5
rows,cakep,5
rows,under,5
rows,deket,5
rows,nikahin,5
rows,sebar,5
rows,ditahan,5
rows,kebiasaan,5
rows,fake,5
rows,sex,5
rows,malang,5
rows,smpe,5
rows,mempermainkan,5
rows,are,5
rows,masuknya,5
rows,nabawi,5
rows,kiri,5
rows,rofidhoh,5
rows,mujassimah,5
rows,panggung,5
rows,kelam,5
rows,sebutkan,5
rows,pencawapresan,5
rows,lelah,5
rows,dipikir,5
rows,menumpas,5
rows,macem,5
rows,rujukan,5
rows,tahayul,5
rows,naqsabandiyah,5
rows,wallahu,5
rows,qur,5
rows,khurafat,5
rows,sembunyi,5
rows,kyai,5
rows,mengingkari,5
rows,pertolongan,5
rows,kedustaan,5
rows,perpecahan,5
rows,nasa'i,5
rows,menelaah,5
rows,ilahi,5
rows,lia,5
rows,eden,5
rows,kubur,5
rows,mibextid,5
rows,miris,5
rows,potret,5
rows,perkembangan,5
rows,pengertian,5
rows,tertindas,5
rows,hijriyah,5
rows,tirmidzi,5
rows,libanon,5
rows,dasarnya,5
rows,ide,5
rows,husain,5
rows,hafizhahullah,5
rows,bersihkan,5
rows,syafii,5
rows,malik,5
rows,terlaknat,5
rows,isra,5
rows,sapi,5
rows,bpjs,5
rows,mengedepankan,5
rows,patut,5
rows,persoalan,5
rows,moyangnya,5
rows,freepalestinefromzionist,5
rows,lgsg,5
rows,rumahnya,5
rows,berasa,5
rows,ngambek,5
rows,utuh,5
rows,menggiring,5
rows,gagah,5
rows,ajari,5
rows,rabbi,5
rows,karni,5
rows,ilyas,5
rows,first,5
rows,freepalestinenow,5
rows,security,5
rows,strong,5
rows,dragon,5
rows,wendy,5
rows,yaallah,5
rows,bible,5
rows,russia,5
rows,ratakan,5
rows,majunya,5
rows,jadinya,5
rows,hasbunallah,5
rows,humanity,5
rows,pancasilais,5
rows,ngomongin,5
rows,disitu,5
rows,menyaksikan,5
rows,mcd,5
rows,gabisa,5
rows,alqassam,5
rows,mentang,5
rows,bangett,5
rows,indomy,5
rows,yoongi,5
rows,aduh,5
rows,kerak,5
rows,gajelas,5
rows,gakuat,5
rows,noh,5
rows,dlu,5
rows,laknattullah,5
rows,oten,5
unique,israel,1271
unique,palestina,533
unique,zionis,439
unique,gaza,382
unique,gila,377
unique,indonesia,348
unique,yahudi,301
unique,syiah,254
unique,nya,241
unique,mau,237
unique,islam,233
unique,china,224
unique,hamas,215
unique,allah,196
unique,warga,187
unique,rakyat,179
unique,dunia,176
unique,satu,168
unique,perang,163
unique,cacat,158
unique,kristen,156
unique,buta,154
unique,lgbt,154
unique,ganjar,141
unique,hukum,132
unique,gay,124
unique,muslim,123
unique,kaum,123
unique,freepalestine,122
unique,cina,119
unique,umat,119
unique,serangan,118
unique,agama,115
unique,salah,114
unique,presiden,113
unique,cawapres,112
unique,gibran,110
unique,jokowi,106
unique,prabowo,106
unique,kenapa,106
unique,manusia,106
unique,rumah,104
unique,tanah,102
unique,tentara,99
unique,palestine,98
unique,seorang,96
unique,anies,95
unique,produk,94
unique,hati,91
unique,video,90
unique,bangsa,90
unique,penjajah,90
unique,nabi,90
unique,org,89
unique,arab,87
unique,sakit,87
unique,kan,86
unique,suka,85
unique,sipil,85
unique,mati,82
unique,teroris,81
unique,yaman,80
unique,negeri,79
unique,pendukung,79
unique,jalur,78
unique,laknatullah,77
unique,jelas,76
unique,dilakukan,76
unique,politik,75
unique,ternyata,73
unique,capres,73
unique,pemimpin,72
unique,pak,72
unique,pasukan,70
unique,emang,70
unique,langsung,70
unique,amerika,69
unique,korban,69
unique,hingga,69
unique,diri,69
unique,ketika,68
unique,demi,67
unique,melihat,67
unique,media,67
unique,hidup,67
unique,mata,66
unique,biadab,66
unique,membuat,66
unique,muhammad,65
unique,rohingya,65
unique,bela,64
unique,tdk,64
unique,bodoh,64
unique,makin,64
unique,mulai,64
unique,kek,64
unique,tetap,64
unique,wahabi,64
unique,anti,63
unique,termasuk,62
unique,benar,62
unique,anjing,62
unique,sejak,62
unique,apakah,61
unique,bin,61
unique,belum,61
unique,klo,61
unique,sejarah,60
unique,boleh,59
unique,bersama,59
unique,makan,59
unique,barat,59
unique,setiap,59
unique,sumber,59
unique,tuh,59
unique,lainnya,59
unique,semakin,58
unique,menteri,57
unique,senjata,57
unique,dua,57
unique,ulama,57
unique,tetapi,56
unique,iran,56
unique,kaya,56
unique,wanita,55
unique,pemerintah,55
unique,biar,55
unique,berani,55
unique,konflik,55
unique,tolol,55
unique,militer,55
unique,antara,55
unique,tuhan,54
unique,waktu,54
unique,wilayah,54
unique,bom,54
unique,nama,53
unique,mahfud,53
unique,melawan,53
unique,menolak,53
unique,bener,53
unique,akun,53
unique,kota,53
unique,kelompok,52
unique,kerja,51
unique,sekali,51
unique,pertama,51
unique,tengah,51
unique,pesek,51
unique,kemanusiaan,51
unique,abu,51
unique,kejahatan,51
unique,pengungsi,51
unique,masyarakat,50
unique,saudara,50
unique,luar,50
unique,the,50
unique,imigran,50
unique,netanyahu,50
unique,boikot,50
unique,muslimin,50
unique,liat,50
unique,gini,49
unique,krn,49
unique,nanti,49
unique,pake,49
unique,berbagai,49
unique,soal,49
unique,masa,49
unique,gua,49
unique,ajaran,48
unique,sahabat,48
unique,memiliki,48
unique,kadrun,47
unique,lihat,47
unique,percaya,47
unique,jalan,47
unique,kayak,47
unique,bagaimana,47
unique,sunnah,47
unique,hak,46
unique,sini,46
unique,viral,46
unique,sampe,46
unique,jakarta,46
unique,tempat,46
unique,dah,46
unique,menghancurkan,45
unique,keluarga,45
unique,merupakan,45
unique,minta,45
unique,lawan,44
unique,akibat,44
unique,perlu,44
unique,ketua,44
unique,imam,44
unique,membunuh,44
unique,aksi,44
unique,gitu,44
unique,menurut,43
unique,fitnah,43
unique,takut,43
unique,masalah,43
unique,babi,43
unique,genosida,43
unique,internasional,43
unique,pbb,43
unique,jam,43
unique,utk,42
unique,membela,42
unique,otak,42
unique,begitu,42
unique,dll,42
unique,yaitu,42
unique,air,42
unique,odgj,42
unique,lupa,42
unique,oktober,42
unique,sementara,42
unique,truncated,41
unique,salam,41
unique,rasa,41
unique,pilih,41
unique,memilih,41
unique,udh,41
unique,paham,41
unique,pas,41
unique,komunis,40
unique,apalagi,40
unique,sering,40
unique,haram,40
unique,dlm,40
unique,dukungan,40
unique,asli,40
unique,bendera,40
unique,bantuan,40
unique,pribumi,39
unique,nkri,39
unique,kekuasaan,39
unique,selamat,39
unique,jauh,39
unique,sehingga,39
unique,menyerang,39
unique,selengkapnya,39
unique,malam,39
unique,kasih,39
unique,jawa,38
unique,cukup,38
unique,orgil,38
unique,asal,37
unique,keturunan,37
unique,depan,37
unique,datang,37
unique,balik,37
unique,muda,37
unique,you,37
unique,kecil,37
unique,ibu,37
unique,tolak,37
unique,keras,37
unique,kini,37
unique,segera,37
unique,tangan,36
unique,sadar,36
unique,tindakan,36
unique,menggunakan,36
unique,baswedan,36
unique,juta,36
unique,partai,36
unique,fakta,36
unique,hasil,36
unique,propaganda,36
unique,follow,36
unique,news,36
unique,masjid,36
unique,pagi,36
unique,main,36
unique,moral,35
unique,pranowo,35
unique,akal,35
unique,alasan,35
unique,sebagian,35
unique,kitab,35
unique,jiwa,35
unique,lama,35
unique,karna,35
unique,bersatu,35
unique,kau,35
unique,sana,35
unique,gereja,35
unique,segala,35
unique,milik,35
unique,maupun,35
unique,berkata,35
unique,sebelum,35
unique,pihak,35
unique,neraka,35
unique,kafir,35
unique,sdh,34
unique,sebab,34
unique,mari,34
unique,sumpah,34
unique,cari,34
unique,instagram,34
unique,sunni,34
unique,bakal,34
unique,menyatakan,34
unique,rabu,34
unique,bulan,34
unique,tinggal,33
unique,hancur,33
unique,kepala,33
unique,menang,33
unique,etika,33
unique,beli,33
unique,siang,33
unique,pemilu,32
unique,katolik,32
unique,berarti,32
unique,bumi,32
unique,anis,32
unique,kalah,32
unique,memberikan,32
unique,jahat,32
unique,saudi,32
unique,pejuang,32
unique,perempuan,32
unique,kemudian,31
unique,cerdas,31
unique,sebenarnya,31
unique,dianggap,31
unique,uang,31
unique,dasar,31
unique,awal,31
unique,bentuk,31
unique,timur,31
unique,udara,31
unique,doa,31
unique,sekitar,31
unique,bangsat,31
unique,ali,31
unique,gendut,30
unique,rempang,30
unique,pembantaian,30
unique,beliau,30
unique,tegas,30
unique,resmi,30
unique,penuh,30
unique,penjajahan,30
unique,sedangkan,30
unique,justru,30
unique,merasa,30
unique,hampir,30
unique,membantu,30
unique,suara,30
unique,khusus,30
unique,tewas,30
unique,dajjal,30
unique,minggu,30
unique,kuat,30
unique,setan,30
unique,penduduk,29
unique,adanya,29
unique,palsu,29
unique,siap,29
unique,ngaku,29
unique,rezim,29
unique,sehat,29
unique,perubahan,29
unique,wahai,29
unique,musuh,29
unique,mengambil,29
unique,maju,29
unique,tokoh,29
unique,sesungguhnya,29
unique,putusan,29
unique,habis,29
unique,demo,29
unique,fatwa,29
unique,link,29
unique,idf,29
unique,tua,29
unique,israhell,29
unique,sesat,29
unique,sinting,29
unique,kemerdekaan,28
unique,mui,28
unique,disebut,28
unique,jawab,28
unique,twitter,28
unique,menyebut,28
unique,bid'ah,28
unique,kedua,28
unique,waras,28
unique,sikap,28
unique,terkait,28
unique,akhir,28
unique,muncul,28
unique,for,28
unique,ahli,28
unique,pengecut,28
unique,mengikuti,28
unique,salafi,28
unique,tka,27
unique,mengaku,27
unique,benci,27
unique,kejam,27
unique,mudah,27
unique,pilpres,27
unique,share,27
unique,lakukan,27
unique,pengen,27
unique,muka,27
unique,goblok,27
unique,keputusan,27
unique,berat,27
unique,polisi,27
unique,bakar,27
unique,selasa,27
unique,mah,27
unique,umar,27
unique,cewe,27
unique,coldplay,27
unique,umum,26
unique,pdip,26
unique,turun,26
unique,eropa,26
unique,ayo,26
unique,peduli,26
unique,beragama,26
unique,asing,26
unique,kurang,26
unique,saling,26
unique,jumat,26
unique,mayoritas,26
unique,membabi,26
unique,bukti,26
unique,ahmad,26
unique,biasa,26
unique,sekolah,26
unique,beda,26
unique,tiap,26
unique,pula,26
unique,wib,26
unique,menarik,25
unique,usir,25
unique,quran,25
unique,artikel,25
unique,berusaha,25
unique,hoax,25
unique,kekejaman,25
unique,antek,25
unique,duit,25
unique,ahlul,25
unique,perjuangan,25
unique,mkmk,25
unique,iblis,25
unique,guru,25
unique,serang,25
unique,kekuatan,25
unique,kapan,25
unique,mulu,25
unique,cinta,25
unique,kecuali,25
unique,tadi,25
unique,ratusan,25
unique,diam,25
unique,mengalami,25
unique,tiba,25
unique,tolong,25
unique,rudal,25
unique,israelterorrist,25
unique,open,25
unique,makanya,25
unique,pembunuhan,24
unique,jaman,24
unique,inilah,24
unique,tinggi,24
unique,kondisi,24
unique,harga,24
unique,mohon,24
unique,teman,24
unique,rasulullah,24
unique,dikutip,24
unique,mencari,24
unique,kpd,24
unique,nggak,24
unique,lewat,24
unique,mesir,24
unique,mengapa,24
unique,membenci,24
unique,butuh,24
unique,pusat,24
unique,grup,24
unique,parah,24
unique,sok,24
unique,konstitusi,24
unique,keluar,24
unique,yesus,24
unique,komentar,24
unique,cepat,24
unique,enak,24
unique,dilarang,24
unique,ilegal,24
unique,terbukti,24
unique,senin,24
unique,berada,24
unique,zionist,24
unique,anjir,24
unique,meminta,24
unique,ibadah,24
unique,syi'ah,24
unique,hubungan,24
unique,menunjukkan,24
unique,agresi,24
unique,utara,24
unique,emg,24
unique,muak,24
unique,ayat,24
unique,pemahaman,24
unique,gambar,23
unique,maaf,23
unique,munafik,23
unique,biden,23
unique,berjuang,23
unique,bapak,23
unique,idiot,23
unique,berkuasa,23
unique,swt,23
unique,membawa,23
unique,terutama,23
unique,itulah,23
unique,coba,23
unique,apapun,23
unique,bawa,23
unique,demikian,23
unique,sesuai,23
unique,sungguh,23
unique,pasangan,23
unique,kamis,23
unique,wajib,23
unique,boneka,23
unique,postingan,23
unique,cowo,23
unique,bunuh,23
unique,aliran,23
unique,ngomong,23
unique,mengutuk,23
unique,zaman,23
unique,menghentikan,23
unique,merdeka,23
unique,benjamin,23
unique,menegaskan,23
unique,bandung,23
unique,serikat,23
unique,melainkan,23
unique,temen,23
unique,sore,23
unique,suatu,22
unique,ibnu,22
unique,ilmu,22
unique,dikasih,22
unique,inggris,22
unique,suci,22
unique,bani,22
unique,organisasi,22
unique,cerita,22
unique,ala,22
unique,anwar,22
unique,kampanye,22
unique,pelanggaran,22
unique,doang,22
unique,janji,22
unique,terima,22
unique,aman,22
unique,sosial,22
unique,yakin,22
unique,cewek,22
unique,utama,22
unique,makanan,22
unique,tujuan,22
unique,bantu,22
unique,konser,22
unique,gencatan,22
unique,diserang,22
unique,aswaja,22
unique,menerima,22
unique,mengeluarkan,22
unique,bismillah,22
unique,bawah,22
unique,meninggal,22
unique,brigade,22
unique,dijadikan,22
unique,berlangsung,22
unique,november,22
unique,trus,22
unique,lucu,22
unique,kelakuan,22
unique,kesesatan,22
unique,sejumlah,21
unique,pki,21
unique,daripada,21
unique,rusia,21
unique,ribu,21
unique,sbg,21
unique,bukanlah,21
unique,semangat,21
unique,sesama,21
unique,belajar,21
unique,silahkan,21
unique,and,21
unique,hadits,21
unique,nusantara,21
unique,seolah,21
unique,usman,21
unique,merah,21
unique,bego,21
unique,tai,21
unique,buka,21
unique,sebut,21
unique,jabatan,21
unique,bahasa,21
unique,kebenaran,21
unique,ekonomi,21
unique,bio,21
unique,pilihan,21
unique,dpr,21
unique,sufi,21
unique,kelas,21
unique,aqidah,21
unique,khususnya,21
unique,like,21
unique,perdana,21
unique,bicara,21
unique,update,21
unique,mendapatkan,21
unique,terakhir,21
unique,iya,21
unique,bayi,21
unique,pakai,21
unique,ketemu,21
unique,kontol,21
unique,ahmadiyah,21
unique,penguasa,20
unique,tank,20
unique,proyek,20
unique,teriak,20
unique,google,20
unique,artinya,20
unique,anggota,20
unique,acara,20
unique,disana,20
unique,sambil,20
unique,nasional,20
unique,kebanyakan,20
unique,berhasil,20
unique,tiktok,20
unique,kalangan,20
unique,mahkamah,20
unique,tim,20
unique,membeli,20
unique,pura,20
unique,bila,20
unique,bernama,20
unique,pernyataan,20
unique,kesempatan,20
unique,lokal,20
unique,marah,20
unique,mas,20
unique,alaihi,20
unique,tiga,20
unique,kejadian,20
unique,salaf,20
unique,pertahanan,20
unique,pendudukan,20
unique,terbaru,20
unique,massa,20
unique,qassam,20
unique,gerakan,20
unique,pikir,20
unique,savepalestine,20
unique,qur'an,20
unique,berapa,20
unique,ngga,20
unique,laknat,20
unique,bisex,20
unique,sebagaimana,20
unique,wkwk,20
unique,tante,20
unique,knp,20
unique,rafidhah,20
unique,memakai,19
unique,pulau,19
unique,mengakui,19
unique,barang,19
unique,damai,19
unique,isu,19
unique,cucu,19
unique,gagal,19
unique,budak,19
unique,golongan,19
unique,tanya,19
unique,listrik,19
unique,nomor,19
unique,pesawat,19
unique,mencapai,19
unique,menuju,19
unique,menjadikan,19
unique,skrg,19
unique,betapa,19
unique,tuli,19
unique,terlihat,19
unique,dapet,19
unique,mirip,19
unique,pengikut,19
unique,gara,19
unique,namanya,19
unique,setuju,19
unique,sulit,19
unique,aceh,19
unique,menentang,19
unique,menyampaikan,19
unique,surat,19
unique,majelis,19
unique,ngapain,19
unique,pks,19
unique,abis,19
unique,ambil,19
unique,tidur,19
unique,heran,19
unique,kuburan,19
unique,sebelumnya,19
unique,nonton,19
unique,sabtu,19
unique,total,19
unique,amat,19
unique,nangis,19
unique,dana,19
unique,buzzer,19
unique,abdul,19
unique,usah,18
unique,mengusir,18
unique,menganggap,18
unique,gaji,18
unique,kasus,18
unique,bangun,18
unique,disini,18
unique,naik,18
unique,sayang,18
unique,isi,18
unique,berubah,18
unique,terlalu,18
unique,hancurkan,18
unique,panas,18
unique,logika,18
unique,sekte,18
unique,empat,18
unique,putih,18
unique,simak,18
unique,ham,18
unique,diketahui,18
unique,menjaga,18
unique,brutal,18
unique,bombardir,18
unique,sampah,18
unique,terbaik,18
unique,palestin,18
unique,membuka,18
unique,buruk,18
unique,susah,18
unique,jurnalis,18
unique,istri,18
unique,keadaan,18
unique,berhenti,18
unique,klik,18
unique,kantor,18
unique,dakwah,18
unique,pelaku,18
unique,kebiadaban,18
unique,kaki,18
unique,saw,18
unique,rencana,17
unique,mobil,17
unique,korupsi,17
unique,menguasai,17
unique,indo,17
unique,ribuan,17
unique,dibuat,17
unique,semuanya,17
unique,jutaan,17
unique,buku,17
unique,alam,17
unique,bekerja,17
unique,mampu,17
unique,sang,17
unique,kira,17
unique,usia,17
unique,perusahaan,17
unique,etik,17
unique,malu,17
unique,dibilang,17
unique,gama,17
unique,berharap,17
unique,mental,17
unique,melanggar,17
unique,jihad,17
unique,calon,17
unique,komunitas,17
unique,laki,17
unique,nazi,17
unique,nah,17
unique,selatan,17
unique,mendapat,17
unique,diduga,17
unique,operasi,17
unique,imin,17
unique,badan,17
unique,kehilangan,17
unique,kah,17
unique,mengecam,17
unique,komen,17
unique,tentu,17
unique,play,17
unique,ustadz,17
unique,freegaza,17
unique,aturan,17
unique,kebencian,17
unique,hizbullah,17
unique,laporan,17
unique,syaikh,17
unique,hujan,17
unique,kirim,17
unique,beneran,17
unique,abi,17
unique,alhamdulillah,17
unique,maulid,17
unique,manhaj,17
unique,pemuda,16
unique,jual,16
unique,lebanon,16
unique,waspada,16
unique,ingat,16
unique,tionghoa,16
unique,non,16
unique,begini,16
unique,adu,16
unique,katakan,16
unique,berasal,16
unique,nurani,16
unique,menghadapi,16
unique,harapan,16
unique,terbesar,16
unique,yakni,16
unique,mrk,16
unique,youtube,16
unique,tukang,16
unique,balas,16
unique,bagus,16
unique,jerman,16
unique,walaupun,16
unique,kawasan,16
unique,najwa,16
unique,investasi,16
unique,surga,16
unique,daerah,16
unique,pekerjaan,16
unique,nyawa,16
unique,bantai,16
unique,pantas,16
unique,meninggalkan,16
unique,mengenai,16
unique,genocide,16
unique,msh,16
unique,hanyalah,16
unique,perkara,16
unique,habib,16
unique,store,16
unique,turki,16
unique,pria,16
unique,diterima,16
unique,mengumumkan,16
unique,jumlah,16
unique,kekerasan,16
unique,source,16
unique,penting,16
unique,perbatasan,16
unique,kamp,16
unique,paman,16
unique,iman,16
unique,ummat,16
unique,ama,16
unique,ahlussunnah,16
unique,tni,15
unique,posting,15
unique,lanjut,15
unique,mahasiswa,15
unique,satunya,15
unique,sedikit,15
unique,group,15
unique,abad,15
unique,cnn,15
unique,nasib,15
unique,mending,15
unique,senang,15
unique,faktanya,15
unique,tulisan,15
unique,darah,15
unique,film,15
unique,cuman,15
unique,merusak,15
unique,dirinya,15
unique,layak,15
unique,pencalonan,15
unique,kemarin,15
unique,netizen,15
unique,pergi,15
unique,perdamaian,15
unique,membantai,15
unique,setidaknya,15
unique,trs,15
unique,perlawanan,15
unique,capek,15
unique,republik,15
unique,shallallahu,15
unique,real,15
unique,selesai,15
unique,dosa,15
unique,darat,15
unique,terbunuh,15
unique,zionisme,15
unique,lho,15
unique,breaking,15
unique,lapangan,15
unique,asia,15
unique,target,15
unique,melindungi,15
unique,sedih,15
unique,aneh,15
unique,dungu,15
unique,ngerti,15
unique,cowok,15
unique,wkwkwk,15
unique,syariat,15
unique,busuk,14
unique,sekutu,14
unique,klaim,14
unique,joe,14
unique,tpi,14
unique,buatan,14
unique,jujur,14
unique,bokep,14
unique,demokrasi,14
unique,generasi,14
unique,wakil,14
unique,pintu,14
unique,langkah,14
unique,gaya,14
unique,gus,14
unique,sebelah,14
unique,miskin,14
unique,sengaja,14
unique,koalisi,14
unique,upaya,14
unique,megawati,14
unique,kemenangan,14
unique,putra,14
unique,wali,14
unique,relawan,14
unique,seseorang,14
unique,donasi,14
unique,gelar,14
unique,malaysia,14
unique,terang,14
unique,gunakan,14
unique,bingung,14
unique,puluhan,14
unique,kompas,14
unique,cak,14
unique,tepi,14
unique,love,14
unique,jadikan,14
unique,usai,14
unique,gampang,14
unique,macam,14
unique,insyaallah,14
unique,seakan,14
unique,sallam,14
unique,pendukungnya,14
unique,rasanya,14
unique,keduanya,14
unique,kutuk,14
unique,bayar,14
unique,dekat,14
unique,lembaga,14
unique,izin,14
unique,tubuh,14
unique,reuters,14
unique,app,14
unique,download,14
unique,binatang,14
unique,yerusalem,14
unique,menyebabkan,14
unique,via,14
unique,besok,14
unique,bertemu,14
unique,bahan,14
unique,menargetkan,14
unique,perbuatan,14
unique,medis,14
unique,artis,14
unique,berdasarkan,14
unique,fyp,14
unique,konten,14
unique,sesuatu,14
unique,kementerian,14
unique,pulang,14
unique,terluka,14
unique,diem,14
unique,sebanyak,14
unique,teh,14
unique,yah,14
unique,perbedaan,14
unique,mujahidin,14
unique,soalnya,14
unique,mengungsi,14
unique,ajg,14
unique,tipu,14
unique,pasutri,14
unique,hadist,14
unique,debat,13
unique,pesan,13
unique,tempur,13
unique,irak,13
unique,ber,13
unique,dki,13
unique,membangun,13
unique,ngibul,13
unique,rakyatnya,13
unique,digunakan,13
unique,yuk,13
unique,keadilan,13
unique,data,13
unique,rela,13
unique,jejak,13
unique,kepentingan,13
unique,pribadi,13
unique,betul,13
unique,belanda,13
unique,facebook,13
unique,melayu,13
unique,berdiri,13
unique,sukses,13
unique,penyakit,13
unique,budaya,13
unique,cindo,13
unique,bola,13
unique,berakhir,13
unique,minum,13
unique,sisi,13
unique,mundur,13
unique,menjajah,13
unique,kadang,13
unique,nilai,13
unique,kasar,13
unique,medan,13
unique,bung,13
unique,domba,13
unique,free,13
unique,with,13
unique,akbar,13
unique,menyesatkan,13
unique,nyerang,13
unique,uud,13
unique,elu,13
unique,sebaliknya,13
unique,batas,13
unique,tetep,13
unique,luka,13
unique,aqsa,13
unique,guys,13
unique,pertempuran,13
unique,terbuka,13
unique,bukannya,13
unique,arah,13
unique,sholat,13
unique,nyari,13
unique,mencoba,13
unique,pendapat,13
unique,miliar,13
unique,menyuarakan,13
unique,sasaran,13
unique,anggap,13
unique,pemboman,13
unique,memberi,13
unique,tanggal,13
unique,ganti,13
unique,mengetahui,13
unique,berdosa,13
unique,cok,13
unique,kayaknya,13
unique,bersalah,13
unique,keyakinan,13
unique,baju,13
unique,sekelompok,13
unique,tag,13
unique,umur,13
unique,setengah,13
unique,utsman,13
unique,rasul,13
unique,jogja,13
unique,khawarij,13
unique,keji,13
unique,situasi,12
unique,bidang,12
unique,kaget,12
unique,teknologi,12
unique,mantan,12
unique,melarang,12
unique,ancaman,12
unique,pemukiman,12
unique,dibunuh,12
unique,hrs,12
unique,fokus,12
unique,publik,12
unique,ataupun,12
unique,ikuti,12
unique,menyebar,12
unique,alat,12
unique,bisnis,12
unique,anaknya,12
unique,kehancuran,12
unique,drun,12
unique,tetangga,12
unique,lagu,12
unique,pemerintahan,12
unique,jongos,12
unique,era,12
unique,berbuat,12
unique,minimal,12
unique,bohong,12
unique,opini,12
unique,gedung,12
unique,dinasti,12
unique,menghina,12
unique,gabung,12
unique,taipei,12
unique,sekaligus,12
unique,ibarat,12
unique,pindah,12
unique,universitas,12
unique,tepat,12
unique,lahir,12
unique,tinggalkan,12
unique,giliran,12
unique,babak,12
unique,laut,12
unique,gemoy,12
unique,bebas,12
unique,menangkan,12
unique,okt,12
unique,support,12
unique,meskipun,12
unique,israelinewnazism,12
unique,halal,12
unique,kebohongan,12
unique,online,12
unique,nyesel,12
unique,puan,12
unique,allahu,12
unique,kisah,12
unique,duduk,12
unique,solo,12
unique,beribadah,12
unique,seharusnya,12
unique,pertanyaan,12
unique,retno,12
unique,kuasa,12
unique,berbeda,12
unique,menuduh,12
unique,keamanan,12
unique,banyaknya,12
unique,tel,12
unique,mampus,12
unique,kelak,12
unique,mengancam,12
unique,kejahatanperang,12
unique,setempat,12
unique,aplikasi,12
unique,membebaskan,12
unique,menyebarkan,12
unique,temukan,12
unique,meski,12
unique,dibantai,12
unique,chinese,12
unique,raya,12
unique,wal,12
unique,azab,12
unique,dikit,12
unique,homo,12
unique,gatau,12
unique,victim,12
unique,niat,12
unique,belah,12
unique,diberi,12
unique,bajingan,12
unique,anj,12
unique,nasrani,12
unique,sma,12
unique,merayakan,12
unique,vcs,12
unique,fans,12
unique,madinah,12
unique,houthi,12
unique,misalnya,11
unique,hindu,11
unique,tutup,11
unique,ikn,11
unique,menyerah,11
unique,etnis,11
unique,hutang,11
unique,lari,11
unique,jenderal,11
unique,agung,11
unique,menerus,11
unique,kerajaan,11
unique,persia,11
unique,peringatan,11
unique,penganut,11
unique,hasan,11
unique,pengusaha,11
unique,siapapun,11
unique,emas,11
unique,bahaya,11
unique,wowo,11
unique,bergabung,11
unique,stop,11
unique,subianto,11
unique,memimpin,11
unique,modal,11
unique,jaringan,11
unique,program,11
unique,ente,11
unique,alias,11
unique,nenek,11
unique,jepang,11
unique,terlibat,11
unique,bau,11
unique,sekalipun,11
unique,gelap,11
unique,rusak,11
unique,batam,11
unique,luas,11
unique,ketakutan,11
unique,berpikir,11
unique,tsb,11
unique,piala,11
unique,buruh,11
unique,hamil,11
unique,bacot,11
unique,pengeboman,11
unique,nuklir,11
unique,henti,11
unique,hukuman,11
unique,mengklaim,11
unique,dewan,11
unique,nge,11
unique,spt,11
unique,mimpi,11
unique,percuma,11
unique,bkn,11
unique,dalih,11
unique,sibuk,11
unique,kawan,11
unique,hukumnya,11
unique,terdapat,11
unique,menjelaskan,11
unique,negaranya,11
unique,story,11
unique,aviv,11
unique,hilang,11
unique,diatas,11
unique,perjanjian,11
unique,website,11
unique,syahid,11
unique,menewaskan,11
unique,global,11
unique,protes,11
unique,ancam,11
unique,hentikan,11
unique,wajar,11
unique,pembangunan,11
unique,hebat,11
unique,bangga,11
unique,husein,11
unique,september,11
unique,jenis,11
unique,suruh,11
unique,wah,11
unique,malem,11
unique,state,11
unique,hitler,11
unique,cantik,11
unique,sanggup,11
unique,guna,11
unique,kajian,11
unique,beriman,11
unique,taimiyah,11
unique,adapun,11
unique,terkini,11
unique,mulia,11
unique,pdhl,11
unique,misi,11
unique,ordebarureborn,11
unique,alkitab,11
unique,pengakuan,11
unique,jelek,11
unique,isinya,11
unique,kemana,11
unique,ahlusunnah,11
unique,memfitnah,11
unique,rame,11
unique,lesbian,11
unique,puas,11
unique,ready,11
unique,sange,11
unique,alquran,11
unique,thalib,11
unique,palestinegenocide,11
unique,india,10
unique,dokter,10
unique,investor,10
unique,pinter,10
unique,hormat,10
unique,sekedar,10
unique,sekutunya,10
unique,tuan,10
unique,kebijakan,10
unique,medsos,10
unique,api,10
unique,biarkan,10
unique,modern,10
unique,maha,10
unique,mencegah,10
unique,dijajah,10
unique,pendiri,10
unique,bersih,10
unique,sejahtera,10
unique,menjawab,10
unique,pendidikan,10
unique,fix,10
unique,pukul,10
unique,menjual,10
unique,konsep,10
unique,fatimiyah,10
unique,riwayat,10
unique,tertipu,10
unique,proses,10
unique,kemungkinan,10
unique,pintar,10
unique,matanya,10
unique,kagak,10
unique,narasi,10
unique,drama,10
unique,janda,10
unique,lgbtq,10
unique,aslinya,10
unique,timnas,10
unique,identitas,10
unique,sah,10
unique,suriah,10
unique,kubu,10
unique,kerusakan,10
unique,berjalan,10
unique,super,10
unique,kpu,10
unique,surya,10
unique,pejabat,10
unique,rata,10
unique,berperang,10
unique,warganya,10
unique,bem,10
unique,buang,10
unique,dendam,10
unique,erdogan,10
unique,ruang,10
unique,menyelamatkan,10
unique,tunduk,10
unique,rasis,10
unique,kerjaan,10
unique,ikutan,10
unique,memusuhi,10
unique,hadir,10
unique,international,10
unique,hotel,10
unique,lima,10
unique,normal,10
unique,photo,10
unique,jenazah,10
unique,informasi,10
unique,bertanggung,10
unique,melaporkan,10
unique,telegram,10
unique,memerangi,10
unique,batu,10
unique,tvone,10
unique,roket,10
unique,tugas,10
unique,sholeh,10
unique,uda,10
unique,bekas,10
unique,kendaraan,10
unique,your,10
unique,trending,10
unique,menlu,10
unique,marsudi,10
unique,ayah,10
unique,dibom,10
unique,repost,10
unique,kapal,10
unique,dipakai,10
unique,fasilitas,10
unique,hadapan,10
unique,dituduh,10
unique,korea,10
unique,penjahat,10
unique,urusan,10
unique,jatuh,10
unique,rahimahullah,10
unique,matian,10
unique,langit,10
unique,time,10
unique,menyetujui,10
unique,otoritas,10
unique,membaca,10
unique,pasca,10
unique,not,10
unique,kesehatan,10
unique,lingkungan,10
unique,bertanya,10
unique,area,10
unique,ngeliat,10
unique,campur,10
unique,fisik,10
unique,maki,10
unique,palestinamelawan,10
unique,jaga,10
unique,untung,10
unique,peristiwa,10
unique,biasanya,10
unique,didukung,10
unique,kebaikan,10
unique,membalas,10
unique,memahami,10
unique,bangunan,10
unique,panjang,10
unique,all,10
unique,muhammadiyah,10
unique,kaga,10
unique,otaknya,10
unique,bakalan,10
unique,bang,10
unique,keliatan,10
unique,transgender,10
unique,some,10
unique,duluan,10
unique,metode,10
unique,wahab,10
unique,wafat,10
unique,menimbulkan,10
unique,penipu,10
unique,gazagenocide,10
unique,usul,9
unique,bebaskan,9
unique,pajak,9
unique,posisi,9
unique,mengajarkan,9
unique,menciptakan,9
unique,assalamualaikum,9
unique,terpilih,9
unique,warna,9
unique,pahlawan,9
unique,setara,9
unique,bbm,9
unique,tenaga,9
unique,bos,9
unique,diberikan,9
unique,musik,9
unique,dalamnya,9
unique,istimewa,9
unique,sebutan,9
unique,faham,9
unique,kabur,9
unique,loh,9
unique,ahok,9
unique,usa,9
unique,bait,9
unique,undang,9
unique,nanya,9
unique,kasihan,9
unique,kucing,9
unique,gege,9
unique,mikir,9
unique,panggil,9
unique,liputan,9
unique,politisi,9
unique,rada,9
unique,diklaim,9
unique,apaan,9
unique,mendadak,9
unique,raja,9
unique,pembela,9
unique,muhaimin,9
unique,koruptor,9
unique,loe,9
unique,papua,9
unique,menghasilkan,9
unique,berikan,9
unique,fuck,9
unique,penolakan,9
unique,model,9
unique,wong,9
unique,dpt,9
unique,lha,9
unique,huruf,9
unique,berdoa,9
unique,hatinya,9
unique,israelterrorists,9
unique,sodara,9
unique,kebodohan,9
unique,tambahan,9
unique,ajak,9
unique,ngakak,9
unique,profesor,9
unique,berisi,9
unique,unhcr,9
unique,kotor,9
unique,pengalaman,9
unique,mengingatkan,9
unique,kiamat,9
unique,ganjarpranowo,9
unique,insya,9
unique,lemah,9
unique,amanah,9
unique,diambil,9
unique,menuntut,9
unique,berlindung,9
unique,hobi,9
unique,kenyataan,9
unique,berdua,9
unique,blm,9
unique,nikah,9
unique,buktinya,9
unique,masing,9
unique,gangguan,9
unique,kegiatan,9
unique,kezaliman,9
unique,terimakasih,9
unique,membuktikan,9
unique,mempunyai,9
unique,bersabda,9
unique,bukhari,9
unique,belakangan,9
unique,juru,9
unique,times,9
unique,gerbang,9
unique,defense,9
unique,terafiliasi,9
unique,dongeng,9
unique,menyerukan,9
unique,harap,9
unique,pekan,9
unique,detik,9
unique,menambah,9
unique,saksi,9
unique,surabaya,9
unique,menurutnya,9
unique,perwakilan,9
unique,menggelar,9
unique,menutup,9
unique,nyatakan,9
unique,dihancurkan,9
unique,tafsir,9
unique,kedok,9
unique,kecaman,9
unique,pembunuh,9
unique,ngobrol,9
unique,lantaran,9
unique,sehari,9
unique,membombardir,9
unique,post,9
unique,umumnya,9
unique,berlaku,9
unique,pacar,9
unique,paksa,9
unique,shalih,9
unique,sempat,9
unique,agak,9
unique,serius,9
unique,bubarkan,9
unique,perilaku,9
unique,playing,9
unique,bedanya,9
unique,ngeri,9
unique,menderita,9
unique,monyet,9
unique,murah,9
unique,pasien,9
unique,persen,9
unique,social,9
unique,isa,9
unique,hidayah,9
unique,mencintai,9
unique,meyakini,9
unique,shalat,9
unique,aqsha,9
unique,kesel,9
unique,ribut,9
unique,gamau,9
unique,budha,9
unique,mencaci,9
unique,sekalian,9
unique,pemikiran,9
unique,menyimpang,9
unique,kdrt,9
unique,hindia,9
unique,haji,9
unique,makkah,9
unique,muhamad,9
unique,ciri,9
unique,akidah,9
unique,diantara,9
unique,bidah,9
unique,syaikhul,9
unique,dalil,9
unique,pantes,9
unique,kocak,9
unique,taurat,9
unique,membenarkan,9
unique,anjg,9
unique,gausah,9
unique,emosi,9
unique,tiongkok,8
unique,pesantren,8
unique,ijazah,8
unique,gubernur,8
unique,jelang,8
unique,thn,8
unique,gadis,8
unique,olah,8
unique,prancis,8
unique,revolusi,8
unique,nepotisme,8
unique,jkw,8
unique,selanjutnya,8
unique,menyembah,8
unique,dipaksa,8
unique,peradaban,8
unique,belakang,8
unique,tercinta,8
unique,kritis,8
unique,bro,8
unique,solusi,8
unique,budek,8
unique,barisan,8
unique,berfikir,8
unique,gagasan,8
unique,tertentu,8
unique,aparat,8
unique,maksudnya,8
unique,diikuti,8
unique,menilai,8
unique,asam,8
unique,ambisi,8
unique,beban,8
unique,kpk,8
unique,alloh,8
unique,tuk,8
unique,baliho,8
unique,hakim,8
unique,patung,8
unique,dibalik,8
unique,kehormatan,8
unique,simbol,8
unique,putaran,8
unique,antar,8
unique,dibayar,8
unique,ragu,8
unique,ketiga,8
unique,jin,8
unique,kader,8
unique,mesjid,8
unique,licik,8
unique,berkali,8
unique,bersikap,8
unique,sepertinya,8
unique,kesalahan,8
unique,kuasai,8
unique,memasuki,8
unique,genetik,8
unique,com,8
unique,see,8
unique,stand,8
unique,ujar,8
unique,ditolak,8
unique,mengajak,8
unique,mendoakan,8
unique,mengungkapkan,8
unique,teguh,8
unique,berpegang,8
unique,lbh,8
unique,persis,8
unique,nak,8
unique,gaes,8
unique,waktunya,8
unique,syi,8
unique,saatnya,8
unique,selamatkan,8
unique,mendengar,8
unique,tertulis,8
unique,smua,8
unique,hitam,8
unique,teror,8
unique,bab,8
unique,seruan,8
unique,unggahan,8
unique,pihaknya,8
unique,besaran,8
unique,cnbc,8
unique,gas,8
unique,niam,8
unique,produsen,8
unique,dilansir,8
unique,gal,8
unique,dikabarkan,8
unique,gadot,8
unique,prajurit,8
unique,catatan,8
unique,sosok,8
unique,official,8
unique,melancarkan,8
unique,mengadakan,8
unique,bungkam,8
unique,militan,8
unique,sedunia,8
unique,larangan,8
unique,diplomatik,8
unique,halaman,8
unique,siswa,8
unique,berusia,8
unique,obat,8
unique,menjatuhkan,8
unique,silakan,8
unique,belas,8
unique,pertemuan,8
unique,ganteng,8
unique,world,8
unique,akui,8
unique,mengebom,8
unique,mayat,8
unique,kamimuak,8
unique,sepakat,8
unique,krisis,8
unique,karno,8
unique,perlindungan,8
unique,hina,8
unique,penjara,8
unique,konteks,8
unique,penindasan,8
unique,tawanan,8
unique,dikenal,8
unique,perintah,8
unique,kematian,8
unique,akar,8
unique,tahan,8
unique,member,8
unique,bertahan,8
unique,live,8
unique,tampak,8
unique,btw,8
unique,demonstrasi,8
unique,sosmed,8
unique,australia,8
unique,sesudah,8
unique,harusnya,8
unique,kepikiran,8
unique,reply,8
unique,ceasefirenow,8
unique,plus,8
unique,netral,8
unique,kera,8
unique,tersebar,8
unique,berpihak,8
unique,bermanfaat,8
unique,padang,8
unique,membom,8
unique,benarkah,8
unique,merebut,8
unique,rendah,8
unique,qatar,8
unique,menit,8
unique,dibombardir,8
unique,gen,8
unique,singapura,8
unique,gaada,8
unique,oknum,8
unique,belain,8
unique,sri,8
unique,mulyani,8
unique,ulang,8
unique,tikus,8
unique,kehidupan,8
unique,fisip,8
unique,nasdem,8
unique,protestan,8
unique,garis,8
unique,apabila,8
unique,doi,8
unique,anying,8
unique,aisyah,8
unique,pendusta,8
unique,dikatakan,8
unique,kalimat,8
unique,dihapus,8
unique,gelora,8
unique,kamar,8
unique,boti,8
unique,mega,8
unique,perasaan,8
unique,gede,8
unique,iraq,8
unique,hajar,8
unique,bakr,8
unique,caranya,8
unique,jama,8
unique,mengkafirkan,8
unique,amal,8
unique,orangnya,8
unique,ash,8
unique,edisi,8
unique,syirik,8
unique,khattab,8
unique,radhiyallahu,8
unique,menolong,8
unique,kolom,8
unique,murid,8
unique,terkutuk,8
unique,wna,7
unique,oligarki,7
unique,turunan,7
unique,dibakar,7
unique,dipimpin,7
unique,entah,7
unique,tanda,7
unique,bangkit,7
unique,nuduh,7
unique,wadas,7
unique,dibanding,7
unique,agamanya,7
unique,memerintahkan,7
unique,berkat,7
unique,esa,7
unique,pertiwi,7
unique,menyesal,7
unique,invasi,7
unique,keberadaan,7
unique,tanggung,7
unique,dikuasai,7
unique,pikiran,7
unique,usaha,7
unique,aseng,7
unique,trauma,7
unique,dur,7
unique,kendali,7
unique,peran,7
unique,negri,7
unique,bisanya,7
unique,kelaparan,7
unique,berjudul,7
unique,jualan,7
unique,masi,7
unique,seandainya,7
unique,full,7
unique,akhlak,7
unique,prestasi,7
unique,jdi,7
unique,culas,7
unique,karpet,7
unique,dialog,7
unique,cebong,7
unique,buzzerp,7
unique,disampaikan,7
unique,dibangun,7
unique,sifat,7
unique,sombong,7
unique,stress,7
unique,timnasday,7
unique,hadapi,7
unique,pakaian,7
unique,pimpinan,7
unique,widodo,7
unique,kedepannya,7
unique,warganet,7
unique,israil,7
unique,sampaikan,7
unique,watak,7
unique,tumbang,7
unique,memalukan,7
unique,merasakan,7
unique,suku,7
unique,harta,7
unique,desa,7
unique,beritaviral,7
unique,sholawat,7
unique,menipu,7
unique,warahmatullahi,7
unique,koar,7
unique,simpati,7
unique,ttp,7
unique,dinas,7
unique,dikepung,7
unique,belur,7
unique,aliansi,7
unique,kode,7
unique,terjajah,7
unique,lelaki,7
unique,pasir,7
unique,kanan,7
unique,putus,7
unique,males,7
unique,menangkap,7
unique,giselle,7
unique,daftar,7
unique,kiky,7
unique,pagiii,7
unique,komando,7
unique,milih,7
unique,sendirian,7
unique,prediksi,7
unique,cocok,7
unique,sistem,7
unique,berkaitan,7
unique,memutuskan,7
unique,dibandingkan,7
unique,beri,7
unique,diatur,7
unique,bank,7
unique,sabar,7
unique,fifa,7
unique,memutus,7
unique,keren,7
unique,angkatan,7
unique,memboikot,7
unique,dibawah,7
unique,membiarkan,7
unique,newsone,7
unique,cariberitaditvone,7
unique,hardnews,7
unique,duta,7
unique,tega,7
unique,ungkap,7
unique,turut,7
unique,channel,7
unique,emyu,7
unique,asrorun,7
unique,penggunaan,7
unique,diduduki,7
unique,menyalahkan,7
unique,panik,7
unique,viva,7
unique,lokasi,7
unique,memenuhi,7
unique,disebutkan,7
unique,jazeera,7
unique,dilaporkan,7
unique,intelijen,7
unique,infografis,7
unique,comments,7
unique,top,7
unique,agustus,7
unique,bertambah,7
unique,tweet,7
unique,ditangkap,7
unique,syarat,7
unique,berbahaya,7
unique,yordania,7
unique,bapaknya,7
unique,novel,7
unique,dialami,7
unique,abdullah,7
unique,sebarkan,7
unique,beritasatu,7
unique,kutukan,7
unique,sebenernya,7
unique,afp,7
unique,dibaca,7
unique,musk,7
unique,elon,7
unique,aktivis,7
unique,sepanjang,7
unique,menghadiri,7
unique,tingkat,7
unique,standar,7
unique,suami,7
unique,berjanji,7
unique,dusta,7
unique,sumur,7
unique,shifa,7
unique,sekian,7
unique,dahulu,7
unique,said,7
unique,min,7
unique,meningkat,7
unique,paket,7
unique,new,7
unique,mengalahkan,7
unique,dipake,7
unique,larang,7
unique,kebutuhan,7
unique,serdadu,7
unique,siapakah,7
unique,tidaklah,7
unique,perwira,7
unique,karya,7
unique,fak,7
unique,ambulans,7
unique,berupa,7
unique,ta'ala,7
unique,alasannya,7
unique,pelangi,7
unique,item,7
unique,dengar,7
unique,enggak,7
unique,pecah,7
unique,penyembah,7
unique,pendeta,7
unique,masak,7
unique,blg,7
unique,iki,7
unique,lihatlah,7
unique,ngelunjak,7
unique,kepadanya,7
unique,elit,7
unique,freepalaestine,7
unique,hapus,7
unique,sono,7
unique,banjir,7
unique,berkedok,7
unique,freepalestinefromisrael,7
unique,komisi,7
unique,menangis,7
unique,yaaa,7
unique,mencatat,7
unique,who,7
unique,desember,7
unique,polri,7
unique,istana,7
unique,januari,7
unique,musibah,7
unique,pecundang,7
unique,what,7
unique,seneng,7
unique,man,7
unique,jamaah,7
unique,bet,7
unique,ideologi,7
unique,gilanya,7
unique,perhatikan,7
unique,kepercayaan,7
unique,kyk,7
unique,ios,7
unique,islamophobia,7
unique,fpi,7
unique,jama'ah,7
unique,wahyu,7
unique,penulis,7
unique,sayyidina,7
unique,minoritas,7
unique,kenal,7
unique,ketawa,7
unique,emng,7
unique,kosong,7
unique,pertikaian,7
unique,ritual,7
unique,melaknat,7
unique,lanjutan,7
unique,stadion,7
unique,menhan,7
unique,massage,7
unique,feni,7
unique,musnah,7
unique,maksud,7
unique,ngentot,7
unique,karangan,7
unique,stay,7
unique,khan,7
unique,asu,7
unique,jarang,7
unique,mekah,7
unique,berkembang,7
unique,halnya,7
unique,kudu,7
unique,mbak,7
unique,mengira,7
unique,wahhabi,7
unique,isis,7
unique,bertentangan,7
unique,rahimahullahu,7
unique,amalan,7
unique,mazhab,7
unique,affan,7
unique,terdahulu,7
unique,ubaid,7
unique,daud,7
unique,congratulations,7
unique,baitulmaqdis,7
unique,konoha,7
unique,memaksa,6
unique,team,6
unique,pancasila,6
unique,pengetahuan,6
unique,serba,6
unique,soeharto,6
unique,periode,6
unique,persatuan,6
unique,putin,6
unique,kang,6
unique,berbondong,6
unique,nikel,6
unique,mantap,6
unique,pekerja,6
unique,menjelang,6
unique,ketahui,6
unique,pemilik,6
unique,melanjutkan,6
unique,quds,6
unique,salib,6
unique,mengimbau,6
unique,membutuhkan,6
unique,pemilihan,6
unique,semesta,6
unique,rekam,6
unique,peluru,6
unique,prof,6
unique,ibunya,6
unique,nyaman,6
unique,puji,6
unique,boro,6
unique,nyapres,6
unique,sepi,6
unique,televisi,6
unique,kelahiran,6
unique,luhut,6
unique,ulah,6
unique,penerus,6
unique,warisan,6
unique,saham,6
unique,wni,6
unique,tindak,6
unique,setahun,6
unique,hadiah,6
unique,cita,6
unique,yohanes,6
unique,rugi,6
unique,utang,6
unique,gapapa,6
unique,kawin,6
unique,keliru,6
unique,joko,6
unique,sempurna,6
unique,kebakaran,6
unique,sebaik,6
unique,bisu,6
unique,kemaren,6
unique,berdarah,6
unique,sempit,6
unique,tembok,6
unique,pembenci,6
unique,diragukan,6
unique,enam,6
unique,maling,6
unique,mencela,6
unique,tambah,6
unique,tangannya,6
unique,beritaterkini,6
unique,disuruh,6
unique,ajar,6
unique,topeng,6
unique,berdusta,6
unique,diganti,6
unique,jubir,6
unique,merampok,6
unique,pangkalan,6
unique,menghalangi,6
unique,kerjanya,6
unique,dipilih,6
unique,lurah,6
unique,kepung,6
unique,maksa,6
unique,uni,6
unique,saudaranya,6
unique,mumpuni,6
unique,kabinet,6
unique,tentaranya,6
unique,okezonecom,6
unique,nyuruh,6
unique,lansia,6
unique,people,6
unique,senantiasa,6
unique,olahraga,6
unique,gazabombing,6
unique,gazaunderattack,6
unique,merampas,6
unique,kunjungi,6
unique,hutan,6
unique,pembalasan,6
unique,merubah,6
unique,lidah,6
unique,legitimasi,6
unique,hnya,6
unique,fanatik,6
unique,prabowosubianto,6
unique,memperjuangkan,6
unique,kritik,6
unique,please,6
unique,setanyahu,6
unique,permusuhan,6
unique,menemukan,6
unique,doyan,6
unique,menghormati,6
unique,omong,6
unique,musa,6
unique,tulis,6
unique,sisa,6
unique,lurus,6
unique,adlh,6
unique,tegak,6
unique,makmur,6
unique,tunggu,6
unique,renungan,6
unique,oki,6
unique,putri,6
unique,block,6
unique,savegaza,6
unique,toleransi,6
unique,ras,6
unique,vidio,6
unique,ayahnya,6
unique,ketat,6
unique,kereta,6
unique,entitas,6
unique,freepalestina,6
unique,tegaskan,6
unique,kabupaten,6
unique,bersembunyi,6
unique,militernya,6
unique,kekhawatiran,6
unique,pasalnya,6
unique,videonya,6
unique,perhatian,6
unique,penyerangan,6
unique,forces,6
unique,alami,6
unique,save,6
unique,pengaruh,6
unique,poster,6
unique,menghindari,6
unique,transaksi,6
unique,pembicaraan,6
unique,bertahun,6
unique,mendorong,6
unique,covid,6
unique,bersuara,6
unique,santai,6
unique,mengirimkan,6
unique,mendesak,6
unique,tanggapan,6
unique,war,6
unique,pandang,6
unique,dimulai,6
unique,per,6
unique,berbicara,6
unique,ditanya,6
unique,wartawan,6
unique,reporter,6
unique,pers,6
unique,sorotan,6
unique,terkenal,6
unique,berinteraksi,6
unique,more,6
unique,allahuakbar,6
unique,atribut,6
unique,penderitaan,6
unique,mencaplok,6
unique,appstore,6
unique,seiman,6
unique,situ,6
unique,home,6
unique,digital,6
unique,now,6
unique,sidang,6
unique,perangi,6
unique,dukungannya,6
unique,pangeran,6
unique,nafsu,6
unique,rapat,6
unique,kelar,6
unique,this,6
unique,kerugian,6
unique,keuntungan,6
unique,mengerikan,6
unique,blok,6
unique,sejauh,6
unique,dihentikan,6
unique,meresahkan,6
unique,pembelaan,6
unique,gegara,6
unique,memaksakan,6
unique,band,6
unique,keluarganya,6
unique,sangatlah,6
unique,konfirmasi,6
unique,abang,6
unique,brand,6
unique,mematikan,6
unique,kedatangan,6
unique,serukan,6
unique,toilet,6
unique,tujuannya,6
unique,bolivia,6
unique,aktif,6
unique,sorry,6
unique,hiburan,6
unique,seret,6
unique,njir,6
unique,city,6
unique,manapun,6
unique,serupa,6
unique,bertindak,6
unique,kontroversi,6
unique,stopgazagenocide,6
unique,bahas,6
unique,wkwkw,6
unique,musim,6
unique,diluar,6
unique,pemukim,6
unique,diusir,6
unique,keknya,6
unique,agen,6
unique,dinilai,6
unique,syam,6
unique,laa,6
unique,ahlu,6
unique,tantrum,6
unique,stopgenocideingaza,6
unique,dugaan,6
unique,inget,6
unique,najis,6
unique,israelterrorism,6
unique,mengucapkan,6
unique,iphone,6
unique,maen,6
unique,tata,6
unique,menghapus,6
unique,madrid,6
unique,situs,6
unique,subuh,6
unique,nasihat,6
unique,galang,6
unique,mendirikan,6
unique,penelitian,6
unique,momen,6
unique,ukraina,6
unique,dikirim,6
unique,menuai,6
unique,malming,6
unique,fiikum,6
unique,lantang,6
unique,queer,6
unique,gtu,6
unique,ngewe,6
unique,dibikin,6
unique,angka,6
unique,seru,6
unique,terdepan,6
unique,dateng,6
unique,cmn,6
unique,merangkul,6
unique,autis,6
unique,membedakan,6
unique,kesejahteraan,6
unique,doakan,6
unique,tan,6
unique,oke,6
unique,modus,6
unique,pacaran,6
unique,dipenuhi,6
unique,bapa,6
unique,astaghfirullah,6
unique,gazahospital,6
unique,israelattack,6
unique,umatnya,6
unique,bocah,6
unique,kelakuannya,6
unique,ngebom,6
unique,berantakan,6
unique,paloh,6
unique,ganjarmahfud,6
unique,kampung,6
unique,ugm,6
unique,kasian,6
unique,radikal,6
unique,anhum,6
unique,perayaan,6
unique,menonton,6
unique,ikhwan,6
unique,penyebaran,6
unique,bayangkan,6
unique,dibawa,6
unique,penyimpangan,6
unique,virus,6
unique,pekanbaru,6
unique,remaja,6
unique,gbk,6
unique,umkm,6
unique,dewasa,6
unique,sensual,6
unique,qory,6
unique,piting,6
unique,chris,6
unique,martin,6
unique,banci,6
unique,dikira,6
unique,tragedi,6
unique,sia,6
unique,menghalalkan,6
unique,bid,6
unique,induk,6
unique,musnahkan,6
unique,karbala,6
unique,kitabnya,6
unique,tauhid,6
unique,ldii,6
unique,ikhwanul,6
unique,tabligh,6
unique,membongkar,6
unique,pandai,6
unique,hti,6
unique,berangkat,6
unique,negerinya,6
unique,shahih,6
unique,alih,6
unique,tiada,6
unique,dst,6
unique,bumerang,6
unique,pengungsian,6
unique,bathiniyah,6
unique,maimun,6
unique,anhu,6
unique,barangsiapa,6
unique,ngebela,6
unique,syuhada,6
unique,berlebihan,6
unique,serem,6
unique,riba,6
unique,yak,6
unique,internal,6
unique,freepalenstine,6
unique,attack,6
unique,pamanguilty,6
unique,definisi,6
unique,jumatberkah,6
unique,baptis,6
unique,aing,6
unique,bumn,6
unique,ngatain,6
unique,parasit,6
unique,jahanam,6
unique,rezimhausdarah,6
unique,hell,6
unique,mreka,6
unique,sembarangan,6
unique,atur,5
unique,pimpin,5
unique,massal,5
unique,beras,5
unique,beredar,5
unique,bersenjata,5
unique,libya,5
unique,hubungannya,5
unique,kimia,5
unique,terlahir,5
unique,ngutang,5
unique,ncep,5
unique,injak,5
unique,berkhianat,5
unique,kawal,5
unique,ktp,5
unique,kecurangan,5
unique,petugas,5
unique,pabrik,5
unique,bpk,5
unique,ujung,5
unique,menikmati,5
unique,sebaiknya,5
unique,lulusan,5
unique,mahal,5
unique,sembako,5
unique,pembodohan,5
unique,mmd,5
unique,skenario,5
unique,keselamatan,5
unique,asalnya,5
unique,pertengahan,5
unique,pandangan,5
unique,seputar,5
unique,pembebasan,5
unique,menyebutkan,5
unique,keagamaan,5
unique,dilaksanakan,5
unique,kedepan,5
unique,minyak,5
unique,carilah,5
unique,hadis,5
unique,nyinyir,5
unique,arti,5
unique,impor,5
unique,goreng,5
unique,banggakan,5
unique,awas,5
unique,kemampuan,5
unique,menggantikan,5
unique,masyarakatnya,5
unique,koplak,5
unique,jadilah,5
unique,jamin,5
unique,ormas,5
unique,manis,5
unique,kumpulan,5
unique,mengerti,5
unique,back,5
unique,tebar,5
unique,senyum,5
unique,politiknya,5
unique,bagaikan,5
unique,cawapresnya,5
unique,karbitan,5
unique,denger,5
unique,slama,5
unique,sepakbola,5
unique,asian,5
unique,binasa,5
unique,aib,5
unique,logo,5
unique,strategi,5
unique,judul,5
unique,menjilat,5
unique,jenggot,5
unique,jari,5
unique,pelakunya,5
unique,menyelesaikan,5
unique,meraih,5
unique,peluang,5
unique,taklid,5
unique,setia,5
unique,bagai,5
unique,kedaulatan,5
unique,doktrin,5
unique,titik,5
unique,semata,5
unique,populer,5
unique,suni,5
unique,mengatasnamakan,5
unique,mumpung,5
unique,ngasih,5
unique,mengumpulkan,5
unique,hahahaha,5
unique,badut,5
unique,bertujuan,5
unique,beradab,5
unique,karir,5
unique,wabarakatuh,5
unique,batil,5
unique,dikarenakan,5
unique,rusuh,5
unique,burung,5
unique,sikapnya,5
unique,cipta,5
unique,masalahnya,5
unique,sulfat,5
unique,dengerin,5
unique,merek,5
unique,terkadang,5
unique,populasi,5
unique,sayap,5
unique,ben,5
unique,julid,5
unique,perawatan,5
unique,ditengah,5
unique,lindungan,5
unique,lindungilah,5
unique,kecewa,5
unique,kejamnya,5
unique,mba,5
unique,pagii,5
unique,mangga,5
unique,geniocide,5
unique,tomo,5
unique,sandera,5
unique,menunjukan,5
unique,dubai,5
unique,label,5
unique,payah,5
unique,memihak,5
unique,ditemukan,5
unique,daya,5
unique,bully,5
unique,nunggu,5
unique,monas,5
unique,budi,5
unique,ramai,5
unique,wan,5
unique,dingin,5
unique,tmn,5
unique,mesti,5
unique,ngirim,5
unique,pingin,5
unique,bukankah,5
unique,ukur,5
unique,kesamaan,5
unique,menjalankan,5
unique,lantas,5
unique,ahlus,5
unique,intimidasi,5
unique,perampasan,5
unique,ingatkan,5
unique,cabang,5
unique,kuliah,5
unique,keponakan,5
unique,anehnya,5
unique,lawannya,5
unique,rambut,5
unique,alwi,5
unique,berdampak,5
unique,sby,5
unique,mesra,5
unique,disiapkan,5
unique,berhak,5
unique,pakar,5
unique,valid,5
unique,ttg,5
unique,sprti,5
unique,solidaritas,5
unique,membagikan,5
unique,simpatisan,5
unique,mencuri,5
unique,mengungkap,5
unique,organ,5
unique,swedia,5
unique,dijual,5
unique,metrotvxtend,5
unique,sekretaris,5
unique,metr,5
unique,kakak,5
unique,straight,5
unique,pohon,5
unique,aktris,5
unique,miliknya,5
unique,layanan,5
unique,daniel,5
unique,mayor,5
unique,darurat,5
unique,awalnya,5
unique,pidato,5
unique,acuh,5
unique,tok,5
unique,gudang,5
unique,amerikaserikat,5
unique,center,5
unique,kriminal,5
unique,detikcom,5
unique,sepenuhnya,5
unique,pengadilan,5
unique,pinterpolitik,5
unique,beritapolitik,5
unique,mossad,5
unique,laman,5
unique,peraturan,5
unique,mengibarkan,5
unique,kebangsaan,5
unique,lambang,5
unique,menormalisasi,5
unique,mengakibatkan,5
unique,pelajaran,5
unique,fosfor,5
unique,menyambut,5
unique,koordinator,5
unique,fraksi,5
unique,dibiarkan,5
unique,telak,5
unique,rejim,5
unique,perkataan,5
unique,risalah,5
unique,keterangan,5
unique,terupdate,5
unique,idn,5
unique,community,5
unique,entertainment,5
unique,rafah,5
unique,diminta,5
unique,triliun,5
unique,asumsi,5
unique,dipecat,5
unique,hadid,5
unique,ilustrasi,5
unique,menyangkal,5
unique,kerjasama,5
unique,republika,5
unique,ketahuan,5
unique,mengenal,5
unique,sujud,5
unique,men,5
unique,bbc,5
unique,penjelasan,5
unique,pengangguran,5
unique,sayangnya,5
unique,peperangan,5
unique,konsisten,5
unique,digelar,5
unique,cape,5
unique,huru,5
unique,hara,5
unique,kompak,5
unique,hud,5
unique,senilai,5
unique,adegan,5
unique,blak,5
unique,badai,5
unique,bersumpah,5
unique,basmi,5
unique,panggilan,5
unique,menyerbu,5
unique,mulut,5
unique,berafiliasi,5
unique,melibatkan,5
unique,terangan,5
unique,manusiawi,5
unique,jabalia,5
unique,meme,5
unique,berkah,5
unique,internet,5
unique,akhirat,5
unique,ibrani,5
unique,diadili,5
unique,semenanjung,5
unique,reruntuhan,5
unique,subhanahu,5
unique,ucapan,5
unique,muslimah,5
unique,jebakan,5
unique,indon,5
unique,menggila,5
unique,berencana,5
unique,kian,5
unique,brani,5
unique,sedekah,5
unique,bts,5
unique,mencopot,5
unique,byk,5
unique,drpd,5
unique,memuji,5
unique,markas,5
unique,just,5
unique,membuang,5
unique,profesional,5
unique,numpang,5
unique,berpendapat,5
unique,angkat,5
unique,buya,5
unique,harinya,5
unique,kerap,5
unique,ngajak,5
unique,khas,5
unique,lapor,5
unique,pemain,5
unique,bekasi,5
unique,juara,5
unique,maroko,5
unique,dipastikan,5
unique,kecelakaan,5
unique,berkibar,5
unique,motor,5
unique,riyadh,5
unique,tepatnya,5
unique,gunung,5
unique,slotgacor,5
unique,pertandingan,5
unique,pondok,5
unique,nasi,5
unique,rules,5
unique,dapatkan,5
unique,public,5
unique,mengandung,5
unique,pemenang,5
unique,event,5
unique,dilanda,5
unique,adab,5
unique,komedi,5
unique,lawak,5
unique,polos,5
unique,hai,5
unique,bareng,5
unique,cuci,5
unique,mandarin,5
unique,result,5
unique,lagian,5
unique,sep,5
unique,zonauang,5
unique,mahdi,5
unique,gpp,5
unique,membatalkan,5
unique,bgst,5
unique,jijik,5
unique,fuji,5
unique,visi,5
unique,hendak,5
unique,tonton,5
unique,tobat,5
unique,temennya,5
unique,buah,5
unique,gencar,5
unique,ijin,5
unique,aje,5
unique,modelan,5
unique,dihukum,5
unique,haha,5
unique,curiga,5
unique,telinga,5
unique,maap,5
unique,nulis,5
unique,kampus,5
unique,dalem,5
unique,pecat,5
unique,bunda,5
unique,sejarahnya,5
unique,menelan,5
unique,memperingati,5
unique,benda,5
unique,liberal,5
unique,menguntungkan,5
unique,dipanggil,5
unique,bintang,5
unique,ditambah,5
unique,dinding,5
unique,tamu,5
unique,nash,5
unique,ketahuilah,5
unique,silsilah,5
unique,jauhi,5
unique,president,5
unique,that,5
unique,art,5
unique,menggambarkan,5
unique,semacam,5
unique,berhijab,5
unique,terserah,5
unique,dijaga,5
unique,bamukmin,5
unique,spotify,5
unique,granati,5
unique,mempertahankan,5
unique,babymonster,5
unique,gigolojogja,5
unique,laku,5
unique,somebandung,5
unique,gigolobandung,5
unique,ffm,5
unique,pasutribandung,5
unique,gigolo,5
unique,freeport,5
unique,dozan,5
unique,willy,5
unique,minat,5
unique,privasi,5
unique,only,5
unique,biaya,5
unique,ngedukung,5
unique,cakep,5
unique,under,5
unique,deket,5
unique,toxic,5
unique,nikmat,5
unique,sebar,5
unique,ditahan,5
unique,kebiasaan,5
unique,ehh,5
unique,fake,5
unique,sex,5
unique,malang,5
unique,are,5
unique,masuknya,5
unique,kiri,5
unique,rofidhoh,5
unique,mujassimah,5
unique,bongkar,5
unique,panggung,5
unique,kekhalifahan,5
unique,makar,5
unique,sebutkan,5
unique,pencawapresan,5
unique,kebusukan,5
unique,lelah,5
unique,macem,5
unique,rujukan,5
unique,tahayul,5
unique,tahrir,5
unique,assalamu'alaikum,5
unique,hizbut,5
unique,khurafat,5
unique,sembunyi,5
unique,menyuruh,5
unique,kyai,5
unique,pertolongan,5
unique,rahasia,5
unique,kedustaan,5
unique,perpecahan,5
unique,nasa'i,5
unique,mut'ah,5
unique,janganlah,5
unique,kakek,5
unique,contohnya,5
unique,gulam,5
unique,kubur,5
unique,mibextid,5
unique,miris,5
unique,potret,5
unique,perkembangan,5
unique,pengertian,5
unique,hijriyah,5
unique,tirmidzi,5
unique,libanon,5
unique,dasarnya,5
unique,ide,5
unique,sulaiman,5
unique,ingatlah,5
unique,syafii,5
unique,malik,5
unique,sapi,5
unique,mengedepankan,5
unique,patut,5
unique,hahaha,5
unique,persoalan,5
unique,moyangnya,5
unique,freepalestinefromzionist,5
unique,lgsg,5
unique,rumahnya,5
unique,berasa,5
unique,karni,5
unique,ilyas,5
unique,first,5
unique,security,5
unique,strong,5
unique,dragon,5
unique,wendy,5
unique,yaallah,5
unique,bible,5
unique,russia,5
unique,ratakan,5
unique,majunya,5
unique,jadinya,5
unique,army,5
unique,plis,5
unique,meledak,5
unique,hasbunallah,5
unique,humanity,5
unique,ngomongin,5
unique,disitu,5
unique,menyaksikan,5
unique,gabisa,5
unique,bngt,5
unique,indomy,5
unique,yoongi,5
unique,aduh,5
unique,kerak,5
unique,noh,5
unique,bjir,5
unique,laknattullah,5
unique,oten,5
