subset,token,label,document_count,document_rate,log_odds
borderline,kadrun,1,27,0.010465116279069767,3.3155557338760135
borderline,pesek,1,22,0.008527131782945736,3.1129288562564144
borderline,yaman,1,45,0.01744186046511628,2.2151526955292145
borderline,com,0,23,0.017996870109546165,2.0033196851370785
borderline,sadar,1,27,0.010465116279069767,1.7045522633922103
borderline,kitab,1,26,0.010077519379844961,1.6671194490287071
borderline,dg,1,34,0.01317829457364341,1.5968147467991527
borderline,lawan,1,33,0.012790697674418604,1.5670082428206389
borderline,laknatullah,1,32,0.012403100775193798,1.5363104286420934
borderline,biadab,1,31,0.012015503875968992,1.504665574422875
borderline,pendukung,1,55,0.02131782945736434,1.4591252503673682
borderline,wahai,1,20,0.007751937984496124,1.408053560049141
borderline,propaganda,1,27,0.010465116279069767,1.367296327671325
borderline,selatan,0,20,0.01564945226917058,1.208097777168059
borderline,mk,1,36,0.013953488372093023,1.200399016740645
borderline,pro,1,64,0.024806201550387597,1.1302560194611708
borderline,cawapres,1,70,0.027131782945736434,1.1298301944395965
borderline,umar,1,21,0.00813953488372093,1.118816298322477
borderline,nkri,1,27,0.010465116279069767,1.1151975856247232
borderline,tolol,1,27,0.010465116279069767,1.1151975856247232
borderline,wahabi,1,32,0.012403100775193798,1.082756061736682
borderline,orang2,1,20,0.007751937984496124,1.0707976243282555
borderline,anjing,1,30,0.011627906976744186,1.0184581884314712
borderline,asli,1,24,0.009302325581395349,0.9985105300705235
borderline,moral,1,24,0.009302325581395349,0.9985105300705235
borderline,arab,1,61,0.023643410852713178,0.9896761267879532
borderline,amin,1,29,0.01124031007751938,0.9847297650228345
borderline,anis,1,29,0.01124031007751938,0.9847297650228345
borderline,sini,1,34,0.01317829457364341,0.9754207492357412
borderline,demo,1,23,0.008914728682170543,0.9564467503642279
borderline,n,1,33,0.012790697674418604,0.9456142452572273
borderline,tempat,0,32,0.025039123630672927,0.9216122421507553
borderline,4,0,38,0.0297339593114241,0.921053432825506
borderline,konflik,1,42,0.01627906976744186,0.9172750808068703
borderline,kekuasaan,1,27,0.010465116279069767,0.9137419607659135
borderline,dm,1,22,0.008527131782945736,0.9125707080051239
borderline,pribumi,1,22,0.008527131782945736,0.9125707080051239
borderline,membawa,0,22,0.017214397496087636,0.9083978435891121
borderline,pranowo,0,32,0.025039123630672927,0.8841794277872522
borderline,15,1,45,0.01744186046511628,0.8746527932600688
borderline,otak,1,21,0.00813953488372093,0.8667175562758752
borderline,waras,1,21,0.00813953488372093,0.8667175562758752
borderline,bodoh,1,49,0.018992248062015504,0.8596205000405396
borderline,syiah,1,113,0.043798449612403104,0.8566613138696165
borderline,6,0,22,0.017214397496087636,0.8553637900362834
borderline,ajaran,1,30,0.011627906976744186,0.8506185577734712
borderline,lu,1,65,0.025193798449612403,0.8201066893933242
borderline,lah,1,56,0.021705426356589147,0.8187261609868993
borderline,benci,1,20,0.007751937984496124,0.8186988822816538
borderline,jgn,1,20,0.007751937984496124,0.8186988822816538
borderline,fatwa,1,24,0.009302325581395349,0.7970549052117138
borderline,cacat,1,100,0.03875968992248062,0.7722310532055534
borderline,semoga,1,66,0.02558139534883721,0.7681735949528371
borderline,teroris,1,49,0.018992248062015504,0.7678600782608147
borderline,9,0,20,0.01564945226917058,0.7606829093785478
borderline,pengungsi,0,22,0.017214397496087636,0.7569442229907486
borderline,liat,0,25,0.019561815336463225,0.752704831535405
borderline,gila,0,263,0.20579029733959311,0.751231526361211
borderline,kalian,1,95,0.03682170542635659,0.7191858793994836
borderline,katolik,0,26,0.02034428794992175,0.7127149558118328
borderline,idf,1,22,0.008527131782945736,0.7111150831463144
borderline,kapan,1,22,0.008527131782945736,0.7111150831463144
borderline,keputusan,1,22,0.008527131782945736,0.7111150831463144
borderline,pemilu,1,22,0.008527131782945736,0.7111150831463144
borderline,membantu,1,26,0.010077519379844961,0.7084695157444104
borderline,pihak,1,30,0.011627906976744186,0.7067315505702941
borderline,kok,1,53,0.02054263565891473,0.6852285975481294
borderline,zionis,1,249,0.09651162790697675,0.6844056814686477
borderline,salam,1,29,0.01124031007751938,0.6730031271616576
borderline,berarti,1,21,0.00813953488372093,0.6652619314170656
borderline,open,1,21,0.00813953488372093,0.6652619314170656
borderline,jumat,0,21,0.01643192488262911,0.664833152194495
borderline,hidup,0,36,0.028169014084507043,0.6626763892466385
borderline,perubahan,0,20,0.01564945226917058,0.6622633423330128
borderline,agama,1,78,0.030232558139534883,0.6553040420299953
borderline,kan,1,55,0.02131782945736434,0.6504720955277726
borderline,menteri,1,51,0.019767441860465116,0.6463377684784947
borderline,namun,0,39,0.03051643192488263,0.6436618788889088
borderline,datang,0,27,0.02112676056338028,0.6421343309589488
borderline,vs,1,24,0.009302325581395349,0.6292152745537138
borderline,berani,1,35,0.013565891472868217,0.6225369256772173
borderline,ikut,1,68,0.02635658914728682,0.6192932074445437
borderline,perdana,1,20,0.007751937984496124,0.617243257422844
borderline,rasa,1,31,0.012015503875968992,0.6134346446003248
borderline,tdk,1,42,0.01627906976744186,0.6126301416390559
borderline,kasih,0,19,0.01486697965571205,0.6114586405410571
borderline,menang,1,27,0.010465116279069767,0.6020153229047366
borderline,nabi,1,56,0.021705426356589147,0.6012432387564728
borderline,ah,1,52,0.020155038759689922,0.5937150657610314
borderline,agresi,1,23,0.008914728682170543,0.5871514948474182
borderline,sebab,1,23,0.008914728682170543,0.5871514948474182
borderline,kaum,1,76,0.02945736434108527,0.5802743148750958
borderline,cara,1,44,0.017054263565891473,0.5752325572989242
borderline,senjata,1,44,0.017054263565891473,0.5752325572989242
borderline,bom,0,25,0.019561815336463225,0.5650299717242844
borderline,apalagi,1,26,0.010077519379844961,0.5645825085412334
borderline,bin,1,47,0.01821705426356589,0.5639055806654261
borderline,kembali,1,47,0.01821705426356589,0.5639055806654261
borderline,boleh,1,40,0.015503875968992248,0.5636404831748407
borderline,nasional,0,17,0.013302034428794992,0.5496770576065984
borderline,berusaha,1,22,0.008527131782945736,0.5432754524883142
borderline,hancur,1,22,0.008527131782945736,0.5432754524883142
borderline,jahat,1,22,0.008527131782945736,0.5432754524883142
borderline,sdh,1,22,0.008527131782945736,0.5432754524883142
borderline,share,1,22,0.008527131782945736,0.5432754524883142
borderline,t,0,21,0.01643192488262911,0.5384967592036767
borderline,5,0,31,0.024256651017214397,0.5380461494923682
borderline,malah,1,56,0.021705426356589147,0.537931116096405
borderline,anti,1,49,0.018992248062015504,0.5336887948481719
borderline,freepalestine,1,86,0.03333333333333333,0.5333172920707092
borderline,video,0,53,0.041471048513302036,0.5325365533484814
borderline,viral,0,29,0.02269170579029734,0.5264411899317876
borderline,gimana,1,25,0.009689922480620155,0.5257248382759558
borderline,yg,1,438,0.1697674418604651,0.5219828774373525
borderline,lama,0,19,0.01486697965571205,0.5217294464527045
borderline,lo,0,19,0.01486697965571205,0.5217294464527045
borderline,air,0,23,0.017996870109546165,0.5166357053166893
borderline,mungkin,1,48,0.018604651162790697,0.5128849785040902
borderline,pagi,0,18,0.014084507042253521,0.5121681044910767
borderline,aku,0,55,0.04303599374021909,0.5091119449688141
borderline,hukum,1,87,0.03372093023255814,0.5059482683442348
borderline,truncated,1,31,0.012015503875968992,0.5014216078746149
borderline,bulan,0,21,0.01643192488262911,0.499639088938399
borderline,melalui,0,21,0.01643192488262911,0.499639088938399
borderline,bendera,1,34,0.01317829457364341,0.4926992995885136
borderline,dll,1,34,0.01317829457364341,0.4926992995885136
borderline,dlm,1,24,0.009302325581395349,0.4853282673505369
borderline,kau,1,24,0.009302325581395349,0.4853282673505369
borderline,main,1,24,0.009302325581395349,0.4853282673505369
borderline,kota,0,31,0.024256651017214397,0.4852997831857948
borderline,baswedan,0,27,0.02112676056338028,0.483603716088042
borderline,jauh,1,27,0.010465116279069767,0.476065397848775
borderline,paham,1,27,0.010465116279069767,0.476065397848775
borderline,benar,0,26,0.02034428794992175,0.47557022629901585
borderline,bakal,0,18,0.014084507042253521,0.46829206213197283
borderline,bilang,1,49,0.018992248062015504,0.4662062810677289
borderline,yahudi,1,167,0.06472868217054263,0.46357264523077996
borderline,depan,0,21,0.01643192488262911,0.4622062745748959
borderline,bagi,0,51,0.03990610328638498,0.4614742559512257
borderline,sipil,1,55,0.02131782945736434,0.4600445659959257
borderline,lgbt,1,120,0.046511627906976744,0.4561414544627939
borderline,8,0,17,0.013302034428794992,0.45580523188312805
borderline,emang,1,39,0.015116279069767442,0.4540747601535934
borderline,rakyat,1,141,0.05465116279069768,0.45264994783990703
borderline,negara,1,168,0.06511627906976744,0.4506040913022994
borderline,cuma,1,70,0.027131782945736434,0.44994554211673515
borderline,cerdas,1,20,0.007751937984496124,0.44940362676484397
borderline,grup,1,20,0.007751937984496124,0.44940362676484397
borderline,mengutuk,1,20,0.007751937984496124,0.44940362676484397
borderline,sehat,1,20,0.007751937984496124,0.44940362676484397
borderline,tua,1,20,0.007751937984496124,0.44940362676484397
borderline,jangan,1,113,0.043798449612403104,0.4484105629961586
borderline,sudah,1,152,0.05891472868217054,0.44452572634326953
borderline,youtube,1,23,0.008914728682170543,0.4432644876442414
borderline,demi,1,57,0.022093023255813953,0.4398758565666831
borderline,mui,1,26,0.010077519379844961,0.43863258348527184
borderline,kayak,1,29,0.01124031007751938,0.43504016537998597
borderline,tolak,1,32,0.012403100775193798,0.4321949814314542
borderline,presiden,1,96,0.037209302325581395,0.4306255790966513
borderline,berbagai,1,38,0.014728682170542635,0.4280389385044979
borderline,boikot,1,38,0.014728682170542635,0.4280389385044979
borderline,sinting,0,15,0.011737089201877934,0.4267320418551944
borderline,netanyahu,1,41,0.015891472868217054,0.42650383153614807
borderline,akibat,0,27,0.02112676056338028,0.4264650792411383
borderline,gereja,0,18,0.014084507042253521,0.42622828242567723
borderline,m,1,50,0.01937984496124031,0.4232899258701614
borderline,rumah,0,55,0.04303599374021909,0.4227556491877068
borderline,tengah,0,29,0.02269170579029734,0.4181005780506482
borderline,lainnya,0,37,0.028951486697965573,0.41446418240096233
borderline,sendiri,1,94,0.03643410852713178,0.40887773813899014
borderline,ia,0,28,0.02190923317683881,0.4088502235859077
borderline,tanah,1,67,0.025968992248062015,0.40526616251912656
borderline,produk,1,61,0.023643410852713178,0.4044723551228276
borderline,gua,0,22,0.017214397496087636,0.40374796597634294
borderline,sejarah,1,43,0.016666666666666666,0.4021097314280867
borderline,wanita,1,43,0.016666666666666666,0.4021097314280867
borderline,abu,1,31,0.012015503875968992,0.4005501272122357
borderline,kini,1,31,0.012015503875968992,0.4005501272122357
borderline,nih,1,31,0.012015503875968992,0.4005501272122357
borderline,rabu,1,28,0.010852713178294573,0.4001621397740222
borderline,saja,1,102,0.03953488372093023,0.39998377888816694
borderline,akal,1,25,0.009689922480620155,0.3997749132199942
borderline,nyata,1,25,0.009689922480620155,0.3997749132199942
borderline,doa,1,22,0.008527131782945736,0.39938844528513745
borderline,beberapa,0,27,0.02112676056338028,0.3990433250871513
borderline,masa,0,27,0.02112676056338028,0.3990433250871513
borderline,cina,1,87,0.03372093023255814,0.3963046553066244
borderline,link,0,16,0.012519561815336464,0.39617233879179214
borderline,12,0,21,0.01643192488262911,0.39121847031797496
borderline,kali,0,39,0.03051643192488263,0.3902268434945959
borderline,berita,1,63,0.02441860465116279,0.38884624814620566
borderline,gak,1,124,0.04806201550387597,0.38834887532715917
borderline,sakit,0,46,0.03599374021909233,0.3866115090911534
borderline,20,0,18,0.014084507042253521,0.38583171150025836
borderline,capres,1,51,0.019767441860465116,0.38366076108934377
borderline,dapat,0,30,0.023474178403755867,0.3778531323506159
borderline,haram,1,36,0.013953488372093023,0.37390663969303295
borderline,negeri,1,62,0.024031007751937984,0.37257575839692775
borderline,masyarakat,0,27,0.02112676056338028,0.3723327804296733
borderline,orgil,0,22,0.017214397496087636,0.37109494689035066
borderline,tuhan,0,22,0.017214397496087636,0.37109494689035066
borderline,bersama,0,34,0.026604068857589983,0.3698686404090683
borderline,jalan,0,24,0.018779342723004695,0.3656965740315494
borderline,membunuh,1,27,0.010465116279069767,0.36405236112306505
borderline,selain,1,27,0.010465116279069767,0.36405236112306505
borderline,gw,0,40,0.03129890453834116,0.3612628831600915
borderline,kenapa,1,67,0.025968992248062015,0.3609848721933807
borderline,kemerdekaan,1,24,0.009302325581395349,0.35937834229457527
borderline,palsu,1,24,0.009302325581395349,0.35937834229457527
borderline,penjajahan,1,24,0.009302325581395349,0.35937834229457527
borderline,sebagian,1,24,0.009302325581395349,0.35937834229457527
borderline,sumpah,1,24,0.009302325581395349,0.35937834229457527
borderline,berat,0,14,0.010954616588419406,0.3592495280747514
borderline,oktober,0,28,0.02190923317683881,0.3574195538782243
borderline,muslim,1,78,0.030232558139534883,0.35596521979829043
borderline,kafir,1,21,0.00813953488372093,0.3535352935558887
borderline,menegaskan,1,21,0.00813953488372093,0.3535352935558887
borderline,news,0,23,0.017996870109546165,0.35303356881833275
borderline,menggunakan,0,18,0.014084507042253521,0.3469740412349808
borderline,sedang,1,52,0.020155038759689922,0.3469246636212357
borderline,makan,1,35,0.013565891472868217,0.3457341482724539
borderline,masuk,1,66,0.02558139534883721,0.34566144949731553
borderline,pake,1,32,0.012403100775193798,0.3404345596517292
borderline,selalu,0,33,0.025821596244131457,0.3396515423081865
borderline,apakah,0,22,0.017214397496087636,0.3394500926711322
borderline,jam,0,24,0.018779342723004695,0.3367304286052249
borderline,china,1,170,0.06589147286821706,0.336663503022167
borderline,suka,1,57,0.022093023255813953,0.3356337704539958
borderline,memiliki,0,26,0.02034428794992175,0.33449278666213317
borderline,komunis,1,29,0.01124031007751938,0.33416868471760675
borderline,beli,0,15,0.011737089201877934,0.3328602161317242
borderline,islam,1,161,0.0624031007751938,0.3311780920245418
borderline,biar,1,40,0.015503875968992248,0.32946919976219796
borderline,ulama,1,40,0.015503875968992248,0.32946919976219796
borderline,asal,0,17,0.013302034428794992,0.3294688388923096
borderline,tegas,0,19,0.01486697965571205,0.32686883254125204
borderline,klo,1,37,0.01434108527131783,0.3235774632543404
borderline,nya,1,146,0.056589147286821705,0.3209513019005729
borderline,diri,0,27,0.02112676056338028,0.3209021107219898
borderline,sumber,0,31,0.024256651017214397,0.31939006352500715
borderline,anda,1,56,0.021705426356589147,0.31769326428443295
borderline,h,1,23,0.008914728682170543,0.3173145625882798
borderline,saudi,1,23,0.008914728682170543,0.3173145625882798
borderline,sm,1,23,0.008914728682170543,0.3173145625882798
borderline,jika,1,94,0.03643410852713178,0.3154982541152365
borderline,dgn,1,53,0.02054263565891473,0.3127513332302981
borderline,x,0,18,0.014084507042253521,0.3095412268714776
borderline,menjadi,0,71,0.05555555555555555,0.30928864727328
borderline,benjamin,1,20,0.007751937984496124,0.30551661956166715
borderline,dikutip,1,20,0.007751937984496124,0.30551661956166715
borderline,membabi,1,20,0.007751937984496124,0.30551661956166715
borderline,pusat,1,20,0.007751937984496124,0.30551661956166715
borderline,banget,0,47,0.036776212832550864,0.3028828528750293
borderline,bgt,0,47,0.036776212832550864,0.3028828528750293
borderline,lupa,1,28,0.010852713178294573,0.2992906591116431
borderline,i,0,29,0.02269170579029734,0.29694278090531734
borderline,dr,1,44,0.017054263565891473,0.2944375124084298
borderline,selengkapnya,0,23,0.017996870109546165,0.2942609194134942
borderline,buta,1,108,0.04186046511627907,0.29411938430056794
borderline,serta,1,52,0.020155038759689922,0.29348727930050417
borderline,mengatakan,0,38,0.0297339593114241,0.291367436151836
borderline,3,0,47,0.036776212832550864,0.28859517554368147
borderline,anjir,0,13,0.010172143974960876,0.28700005021744746
borderline,biasa,0,13,0.010172143974960876,0.28700005021744746
borderline,pejuang,0,13,0.010172143974960876,0.28700005021744746
borderline,kalo,1,94,0.03643410852713178,0.286121023106993
borderline,gay,1,99,0.03837209302325582,0.28327382110890786
borderline,pun,1,70,0.027131782945736434,0.28312759431030604
borderline,10,1,91,0.03527131782945737,0.28203160396957083
borderline,wa,1,46,0.017829457364341085,0.2795565418325508
borderline,melawan,1,38,0.014728682170542635,0.2780385300545145
borderline,nanti,1,38,0.014728682170542635,0.2780385300545145
borderline,tau,1,67,0.025968992248062015,0.27771258017982176
borderline,saudara,0,20,0.01564945226917058,0.27641406623261505
borderline,kalah,1,30,0.011627906976744186,0.27613668634651845
borderline,keras,1,30,0.011627906976744186,0.27613668634651845
borderline,menghancurkan,1,30,0.011627906976744186,0.27613668634651845
borderline,pemimpin,0,40,0.03129890453834116,0.2758979336264286
borderline,kedua,1,22,0.008527131782945736,0.2734385202291758
borderline,selasa,1,22,0.008527131782945736,0.2734385202291758
borderline,resmi,0,18,0.014084507042253521,0.2734314482205204
borderline,sementara,0,18,0.014084507042253521,0.2734314482205204
borderline,sering,0,16,0.012519561815336464,0.26983594580097375
borderline,dan,1,819,0.3174418604651163,0.26874780879946053
borderline,itu,1,390,0.1511627906976744,0.2678249553453227
borderline,tahu,0,23,0.017996870109546165,0.26608842799291504
borderline,gibran,1,74,0.02868217054263566,0.2655511517250247
borderline,for,0,14,0.010954616588419406,0.2653777023512811
borderline,segala,0,14,0.010954616588419406,0.2653777023512811
borderline,serangan,0,56,0.04381846635367762,0.26362636662547767
borderline,bantuan,0,19,0.01486697965571205,0.2582623835266515
borderline,mari,0,19,0.01486697965571205,0.2582623835266515
borderline,muslimin,1,32,0.012403100775193798,0.2562636846890699
borderline,militer,0,24,0.018779342723004695,0.2544256383731808
borderline,selama,0,36,0.028169014084507043,0.2540486605946743
borderline,al,1,137,0.05310077519379845,0.2538597494626229
borderline,tinggal,0,17,0.013302034428794992,0.25317835426352897
borderline,lihat,1,37,0.01434108527131783,0.25132798539703644
borderline,mati,1,42,0.01627906976744186,0.24766422178590214
borderline,khusus,1,24,0.009302325581395349,0.2473653055688654
borderline,mu,1,24,0.009302325581395349,0.2473653055688654
borderline,pilpres,0,15,0.011737089201877934,0.2469203940663247
borderline,uang,0,15,0.011737089201877934,0.2469203940663247
borderline,utk,0,15,0.011737089201877934,0.2469203940663247
borderline,bukan,1,171,0.06627906976744186,0.24489567290370337
borderline,ketua,0,25,0.019561815336463225,0.24379775148732555
borderline,kami,1,80,0.031007751937984496,0.2429204753596456
borderline,gini,1,29,0.01124031007751938,0.24240826293788176
borderline,krn,1,29,0.01124031007751938,0.24240826293788176
borderline,rs,1,29,0.01124031007751938,0.24240826293788176
borderline,dukung,1,57,0.022093023255813953,0.24095288979626014
borderline,palestine,1,62,0.024031007751937984,0.2395670398124462
borderline,waktu,0,23,0.017996870109546165,0.23866667383892812
borderline,sampe,0,18,0.014084507042253521,0.2385534226145567
borderline,bangsa,1,72,0.027906976744186046,0.2375409809793903
borderline,hingga,0,31,0.024256651017214397,0.2352895725787323
borderline,nama,1,44,0.017054263565891473,0.23480461931709393
borderline,setiap,0,26,0.02034428794992175,0.2340724584902345
borderline,tangan,0,16,0.012519561815336464,0.23097827553569622
borderline,tidak,1,351,0.13604651162790699,0.22904373076708084
borderline,foto,0,40,0.03129890453834116,0.2278224524732462
borderline,100,1,21,0.00813953488372093,0.2275853684999271
borderline,mengaku,1,21,0.00813953488372093,0.2275853684999271
borderline,pasangan,1,21,0.00813953488372093,0.2275853684999271
borderline,polisi,1,21,0.00813953488372093,0.2275853684999271
borderline,fitnah,1,26,0.010077519379844961,0.22574806609718265
borderline,hasil,1,26,0.010077519379844961,0.22574806609718265
borderline,bener,1,31,0.012015503875968992,0.22461883046985143
borderline,keluarga,1,31,0.012015503875968992,0.22461883046985143
borderline,yaitu,1,31,0.012015503875968992,0.22461883046985143
borderline,kaya,1,36,0.013953488372093023,0.22390623124304962
borderline,melakukan,1,71,0.02751937984496124,0.2232533036480424
borderline,israel,1,838,0.3248062015503876,0.22318398902458364
borderline,memberikan,0,14,0.010954616588419406,0.2215016599921772
borderline,selamat,0,14,0.010954616588419406,0.2215016599921772
borderline,masih,0,71,0.05555555555555555,0.21629011257303835
borderline,aja,1,142,0.05503875968992248,0.21625356745308824
borderline,mereka,1,280,0.10852713178294573,0.215164221697329
borderline,dukungan,0,20,0.01564945226917058,0.21407139783485093
borderline,tak,1,139,0.053875968992248065,0.21210930095633718
borderline,tahun,0,55,0.04303599374021909,0.21041033167042436
borderline,massa,0,12,0.009389671361502348,0.20924911962476792
borderline,ni,0,12,0.009389671361502348,0.20924911962476792
borderline,hak,1,33,0.012790697674418604,0.20921056827493587
borderline,sekali,1,33,0.012790697674418604,0.20921056827493587
borderline,karna,1,23,0.008914728682170543,0.20530152586256972
borderline,keturunan,1,23,0.008914728682170543,0.20530152586256972
borderline,rempang,1,23,0.008914728682170543,0.20530152586256972
borderline,kejahatan,0,18,0.014084507042253521,0.2048249992059199
borderline,padahal,0,27,0.02112676056338028,0.20252170307886577
borderline,telah,1,123,0.047674418604651166,0.20091715972662988
borderline,bahkan,1,67,0.025968992248062015,0.20060822094515743
borderline,jakarta,1,40,0.015503875968992248,0.19867456332168676
borderline,tuh,1,40,0.015503875968992248,0.19867456332168676
borderline,seluruh,1,57,0.022093023255813953,0.19667159947051419
borderline,merupakan,1,35,0.013565891472868217,0.19573373982247042
borderline,ri,1,35,0.013565891472868217,0.19573373982247042
borderline,ternyata,1,52,0.020155038759689922,0.19425961591781746
borderline,muda,0,16,0.012519561815336464,0.193545461172193
borderline,sebelum,0,16,0.012519561815336464,0.193545461172193
borderline,you,0,16,0.012519561815336464,0.193545461172193
borderline,sahabat,1,30,0.011627906976744186,0.19196581138385915
borderline,a,1,47,0.01821705426356589,0.19142831634759486
borderline,jelas,1,47,0.01821705426356589,0.19142831634759486
borderline,mulai,1,47,0.01821705426356589,0.19142831634759486
borderline,saat,0,61,0.04773082942097027,0.18991597335444668
borderline,si,0,32,0.025039123630672927,0.18953470943484402
borderline,membuat,0,26,0.02034428794992175,0.1872991678677069
borderline,terkait,1,25,0.009689922480620155,0.186890395831905
borderline,tindakan,1,25,0.009689922480620155,0.186890395831905
borderline,penjajah,1,54,0.020930232558139535,0.18618052471050747
borderline,dengan,1,361,0.13992248062015503,0.18493098114956233
borderline,s,0,20,0.01564945226917058,0.18426489385633715
borderline,prabowo,1,85,0.03294573643410853,0.1824245537951397
borderline,buat,1,92,0.03565891472868217,0.18038480805788767
borderline,bukanlah,1,20,0.007751937984496124,0.17956669450570553
borderline,jd,1,20,0.007751937984496124,0.17956669450570553
borderline,sebenarnya,1,20,0.007751937984496124,0.17956669450570553
borderline,suara,1,20,0.007751937984496124,0.17956669450570553
borderline,tu,1,20,0.007751937984496124,0.17956669450570553
borderline,balik,0,14,0.010954616588419406,0.1794378802858815
borderline,cukup,0,14,0.010954616588419406,0.1794378802858815
borderline,maupun,0,14,0.010954616588419406,0.1794378802858815
borderline,mendukung,1,63,0.02441860465116279,0.17577038127277178
borderline,karena,0,108,0.08450704225352113,0.1740623667483428
borderline,sih,0,35,0.027386541471048513,0.17341664172380047
borderline,no,1,39,0.015116279069767442,0.173279715263099
borderline,hamas,0,86,0.06729264475743349,0.17242704699274303
borderline,masjid,0,18,0.014084507042253521,0.17217198011992768
borderline,atas,1,96,0.037209302325581395,0.17207057211948568
borderline,palestina,1,366,0.14186046511627906,0.17147420759965484
borderline,pas,1,27,0.010465116279069767,0.1714204586809608
borderline,korban,0,29,0.02269170579029734,0.16809036744358563
borderline,kecil,0,15,0.011737089201877934,0.1676661528756281
borderline,oleh,1,196,0.07596899224806201,0.1653908486126066
borderline,menolak,0,26,0.02034428794992175,0.16468170931132578
borderline,gitu,1,22,0.008527131782945736,0.16142548350346583
borderline,udara,1,22,0.008527131782945736,0.16142548350346583
borderline,wib,1,22,0.008527131782945736,0.16142548350346583
borderline,awal,0,12,0.009389671361502348,0.16123044563054634
borderline,kamis,0,12,0.009389671361502348,0.16123044563054634
borderline,u,0,12,0.009389671361502348,0.16123044563054634
borderline,paling,0,38,0.0297339593114241,0.16001574611209377
borderline,tetap,0,27,0.02112676056338028,0.15871520767606564
borderline,info,0,16,0.012519561815336464,0.15743568252123583
borderline,sehingga,0,16,0.012519561815336464,0.15743568252123583
borderline,of,1,36,0.013953488372093023,0.1564237174626065
borderline,pilih,1,36,0.013953488372093023,0.1564237174626065
borderline,juga,1,208,0.08062015503875969,0.15528921521697595
borderline,lebih,1,134,0.05193798449612403,0.15520043120720595
borderline,sekarang,1,106,0.04108527131782946,0.1542499607700456
borderline,fakta,0,13,0.010172143974960876,0.14925218213487312
borderline,muncul,0,13,0.010172143974960876,0.14925218213487312
borderline,sangat,0,37,0.028951486697965573,0.14844205531831073
borderline,odgj,0,21,0.01643192488262911,0.14812746444617744
borderline,akun,1,38,0.014728682170542635,0.1472438936140034
borderline,memang,1,38,0.014728682170542635,0.1472438936140034
borderline,wilayah,1,38,0.014728682170542635,0.1472438936140034
borderline,membela,1,31,0.012015503875968992,0.146867899877172
borderline,coldplay,1,24,0.009302325581395349,0.1464938249064862
borderline,segera,1,24,0.009302325581395349,0.1464938249064862
borderline,banyak,1,142,0.05503875968992248,0.14572130470287054
borderline,maka,1,75,0.029069767441860465,0.14474387548312054
borderline,kepada,0,64,0.050078247261345854,0.14373540974567886
borderline,apa,1,164,0.06356589147286822,0.1394450147470538
borderline,jokowi,1,93,0.03604651162790698,0.13928224207881423
borderline,adanya,0,14,0.010954616588419406,0.1390413093604627
borderline,berkata,0,14,0.010954616588419406,0.1390413093604627
borderline,juta,0,14,0.010954616588419406,0.1390413093604627
borderline,percaya,0,14,0.010954616588419406,0.1390413093604627
borderline,sebuah,0,31,0.024256651017214397,0.13890203936163226
borderline,lalu,0,40,0.03129890453834116,0.13778708457810573
borderline,seorang,0,40,0.03129890453834116,0.13778708457810573
borderline,follow,1,33,0.012790697674418604,0.1369610904176319
borderline,pbb,1,33,0.012790697674418604,0.1369610904176319
borderline,2,0,56,0.04381846635367762,0.13164512104534137
borderline,hari,0,66,0.051643192488262914,0.13078173732122816
borderline,tapi,1,183,0.07093023255813953,0.1306017301869532
borderline,belum,0,24,0.018779342723004695,0.13035443699960853
borderline,dah,0,15,0.011737089201877934,0.13023333851212496
borderline,terjadi,1,67,0.025968992248062015,0.1288046016750872
borderline,para,1,151,0.05852713178294574,0.12838254625329595
borderline,and,0,11,0.008607198748043818,0.12507824466210865
borderline,cinta,0,11,0.008607198748043818,0.12507824466210865
borderline,hubungan,0,11,0.008607198748043818,0.12507824466210865
borderline,maju,0,11,0.008607198748043818,0.12507824466210865
borderline,memilih,1,28,0.010852713178294573,0.12335936236925879
borderline,menyerang,0,16,0.012519561815336464,0.12255765691527207
borderline,kelompok,0,21,0.01643192488262911,0.12141691978869949
borderline,tetapi,1,37,0.01434108527131783,0.12053334895652541
borderline,dia,1,127,0.04922480620155039,0.1172580922651546
borderline,adalah,1,203,0.07868217054263565,0.11695864655747255
borderline,pertama,0,22,0.017214397496087636,0.11624416914802081
borderline,dunia,0,70,0.054773082942097026,0.11563200060616245
borderline,bersatu,1,21,0.00813953488372093,0.11557233177421707
borderline,gk,1,21,0.00813953488372093,0.11557233177421707
borderline,menarik,1,21,0.00813953488372093,0.11557233177421707
borderline,pdip,1,21,0.00813953488372093,0.11557233177421707
borderline,gendut,0,12,0.009389671361502348,0.11537729390129757
borderline,hampir,0,12,0.009389671361502348,0.11537729390129757
borderline,kondisi,0,12,0.009389671361502348,0.11537729390129757
borderline,penuh,0,12,0.009389671361502348,0.11537729390129757
borderline,malam,1,30,0.011627906976744186,0.11421488079117985
borderline,akan,1,238,0.09224806201550388,0.11414381138677339
borderline,agar,0,33,0.025821596244131457,0.11382231261467543
borderline,ketika,1,48,0.018604651162790697,0.11342952866087638
borderline,semakin,0,23,0.017996870109546165,0.11153580100955149
borderline,the,0,23,0.017996870109546165,0.11153580100955149
borderline,hanya,1,153,0.05930232558139535,0.11103839797170528
borderline,1,0,57,0.04460093896713615,0.10936453772893645
borderline,bagaimana,1,41,0.015891472868217054,0.10746395153904832
borderline,beliau,0,13,0.010172143974960876,0.10718840242857754
borderline,minggu,0,13,0.010172143974960876,0.10718840242857754
borderline,peduli,0,13,0.010172143974960876,0.10718840242857754
borderline,pada,1,212,0.08217054263565891,0.10603504746801916
borderline,siapa,0,30,0.023474178403755867,0.10583989504925648
borderline,bela,0,19,0.01486697965571205,0.10449404663805684
borderline,internasional,0,19,0.01486697965571205,0.10449404663805684
borderline,artikel,1,23,0.008914728682170543,0.10443004520019067
borderline,p,1,23,0.008914728682170543,0.10443004520019067
borderline,sekolah,1,23,0.008914728682170543,0.10443004520019067
borderline,allah,1,121,0.04689922480620155,0.10428808126823251
borderline,saya,0,49,0.03834115805946792,0.10249872972585493
borderline,mana,0,37,0.028951486697965573,0.10246513512729541
borderline,manusia,0,32,0.025039123630672927,0.0997781153372751
borderline,dari,1,406,0.1573643410852713,0.09711385501950488
borderline,tentara,0,33,0.025821596244131457,0.0970316774369662
borderline,ingin,1,56,0.021705426356589147,0.09545880128739251
borderline,dua,0,21,0.01643192488262911,0.09538109813960394
borderline,ali,1,25,0.009689922480620155,0.0951299740521801
borderline,bentuk,1,25,0.009689922480620155,0.0951299740521801
borderline,2023,0,67,0.05242566510172144,0.09470019332584427
borderline,masalah,0,15,0.011737089201877934,0.0941235598611677
borderline,udah,1,89,0.034496124031007755,0.09395268237627104
borderline,iran,1,36,0.013953488372093023,0.09311159480253849
borderline,an,1,47,0.01821705426356589,0.0922006529649083
borderline,terus,0,42,0.03286384976525822,0.09141087536991296
borderline,anak,1,137,0.05310077519379845,0.09100380587763782
borderline,dalam,0,124,0.09702660406885759,0.09026103212679386
borderline,tp,0,16,0.012519561815336464,0.08882923350663534
borderline,sekitar,1,27,0.010465116279069767,0.08724958371830148
borderline,ya,1,195,0.0755813953488372,0.08544605893146166
borderline,yang,1,741,0.2872093023255814,0.08537440680721037
borderline,kalau,0,53,0.041471048513302036,0.08503830179674188
borderline,2024,1,51,0.019767441860465116,0.0840936313852261
borderline,baik,0,32,0.025039123630672927,0.0827143948579688
borderline,barat,1,40,0.015503875968992248,0.08267879762240231
borderline,dilakukan,1,53,0.02054263565891473,0.08051495126313013
borderline,harus,0,57,0.04460093896713615,0.07984864020555545
borderline,atau,1,144,0.05581395348837209,0.07819932041875567
borderline,umum,0,11,0.008607198748043818,0.07705957066788703
borderline,tersebut,1,96,0.037209302325581395,0.07464841691560452
borderline,jiwa,1,31,0.012015503875968992,0.07461842201986797
borderline,gaza,1,266,0.10310077519379846,0.07447255678097751
borderline,melihat,0,20,0.01564945226917058,0.07299395819796832
borderline,mengambil,0,12,0.009389671361502348,0.07150125154219372
borderline,menyebut,0,12,0.009389671361502348,0.07150125154219372
borderline,siang,0,12,0.009389671361502348,0.07150125154219372
borderline,ganjar,0,65,0.05086071987480438,0.07144481342783983
borderline,kamu,1,46,0.017829457364341085,0.07052862152118371
borderline,kita,0,106,0.08294209702660407,0.07010776400347299
borderline,antara,0,21,0.01643192488262911,0.06998625008101612
borderline,secara,1,74,0.02868217054263566,0.06968628645228826
borderline,imam,1,33,0.012790697674418604,0.06947857663718886
borderline,anies,0,40,0.03129890453834116,0.06819937714826063
borderline,akhir,1,20,0.007751937984496124,0.06755365777999553
borderline,ratusan,1,20,0.007751937984496124,0.06755365777999553
borderline,sedangkan,1,20,0.007751937984496124,0.06755365777999553
borderline,tadi,1,20,0.007751937984496124,0.06755365777999553
borderline,justru,0,13,0.010172143974960876,0.06679183150315872
borderline,jalur,1,63,0.02441860465116279,0.06612676823516152
borderline,lain,1,95,0.03682170542635659,0.06382924156499684
borderline,warga,0,64,0.050078247261345854,0.06377313222671196
borderline,jawa,0,14,0.010954616588419406,0.06275082473168185
borderline,menyatakan,0,14,0.010954616588419406,0.06275082473168185
borderline,milik,0,14,0.010954616588419406,0.06275082473168185
borderline,satu,1,112,0.043410852713178294,0.06269395804652333
borderline,termasuk,0,24,0.018779342723004695,0.06248009706329764
borderline,kemanusiaan,1,37,0.01434108527131783,0.06090045586518952
borderline,alasan,1,22,0.008527131782945736,0.06055400284108671
borderline,beragama,1,22,0.008527131782945736,0.06055400284108671
borderline,serang,1,22,0.008527131782945736,0.06055400284108671
borderline,pak,0,25,0.019561815336463225,0.06038197274543322
borderline,punya,1,86,0.03333333333333333,0.058655101453662366
borderline,seperti,1,120,0.046511627906976744,0.05794247582130849
borderline,bisa,0,112,0.08763693270735524,0.05697391571039063
borderline,orang,1,384,0.14883720930232558,0.05685781677428526
borderline,bahwa,1,122,0.047286821705426356,0.05685428602727789
borderline,bikin,1,56,0.021705426356589147,0.05619443582026809
borderline,menurut,0,16,0.012519561815336464,0.056176214420643
borderline,tentang,0,39,0.03051643192488263,0.055948258576631445
borderline,ala,1,24,0.009302325581395349,0.0547334031267612
borderline,cari,1,24,0.009302325581395349,0.0547334031267612
borderline,mau,1,162,0.06279069767441861,0.054642470654180486
borderline,gue,0,41,0.032081377151799685,0.053733742061780755
borderline,sampai,0,42,0.03286384976525822,0.052706959575708257
borderline,mahfud,1,43,0.016666666666666666,0.051077243175603866
borderline,soal,0,18,0.014084507042253521,0.05105666231732513
borderline,genosida,1,26,0.010077519379844961,0.04981676935479844
borderline,perempuan,1,26,0.010077519379844961,0.04981676935479844
borderline,setelah,1,81,0.031395348837209305,0.049368591231309114
borderline,org,1,45,0.01744186046511628,0.04839415756210803
borderline,kek,0,20,0.01564945226917058,0.04695813654887287
borderline,hal,0,35,0.027386541471048513,0.04604724033706237
borderline,luar,0,22,0.017214397496087636,0.04360363748213193
borderline,semua,1,154,0.059689922480620154,0.04335321889496398
borderline,muhammad,0,23,0.017996870109546165,0.04214505183064278
borderline,pemerintah,0,23,0.017996870109546165,0.04214505183064278
borderline,perang,1,114,0.044186046511627906,0.042106577043525446
borderline,in,1,30,0.011627906976744186,0.041965402933875816
borderline,pernah,1,74,0.02868217054263566,0.04030905544404498
borderline,sama,1,168,0.06511627906976744,0.03908578602919668
borderline,partai,1,32,0.012403100775193798,0.0387807624586433
borderline,amerika,1,55,0.02131782945736434,0.03794077881112482
borderline,umat,1,78,0.030232558139534883,0.037787785570843356
borderline,tanpa,1,57,0.022093023255813953,0.03629494822229105
borderline,bandung,0,10,0.00782472613458529,0.033317822882383545
borderline,kemudian,0,10,0.00782472613458529,0.033317822882383545
borderline,katanya,0,11,0.008607198748043818,0.031206418938638413
borderline,timur,0,11,0.008607198748043818,0.031206418938638413
borderline,salah,0,41,0.032081377151799685,0.028087903400615323
borderline,sunnah,0,14,0.010954616588419406,0.026641046080724692
borderline,kristen,0,47,0.036776212832550864,0.025813526218109402
borderline,mata,1,44,0.017054263565891473,0.025776699005726822
borderline,instagram,0,15,0.011737089201877934,0.02551711084656719
borderline,perlu,0,16,0.012519561815336464,0.024531360201424577
borderline,pasukan,1,48,0.018604651162790697,0.022890319268125625
borderline,begitu,0,18,0.014084507042253521,0.02288417089674618
borderline,makin,0,22,0.017214397496087636,0.02048122006127789
borderline,11,1,52,0.020155038759689922,0.020448114511508
borderline,sejak,0,23,0.017996870109546165,0.020010587871567023
borderline,ke,0,147,0.11502347417840375,0.019715904128068003
borderline,as,0,24,0.018779342723004695,0.019579189923605113
borderline,baca,0,24,0.018779342723004695,0.019579189923605113
borderline,baru,1,93,0.03604651162790698,0.018826577274399948
borderline,di,1,913,0.35387596899224805,0.017757358946354922
borderline,pasti,1,58,0.02248062015503876,0.017415665053115596
borderline,dulu,1,60,0.023255813953488372,0.01653927844334332
borderline,ada,0,163,0.12754303599374023,0.015519471664547528
borderline,untuk,0,174,0.13615023474178403,0.015337194569636423
borderline,dianggap,1,21,0.00813953488372093,0.01470085111183799
borderline,november,1,21,0.00813953488372093,0.01470085111183799
borderline,23,1,23,0.008914728682170543,0.012669623420465547
borderline,d,1,23,0.008914728682170543,0.012669623420465547
borderline,kata,1,76,0.02945736434108527,0.011181020006674878
borderline,deh,1,25,0.009689922480620155,0.010959099089520776
borderline,kepala,1,25,0.009689922480620155,0.010959099089520776
borderline,senin,1,25,0.009689922480620155,0.010959099089520776
borderline,ini,0,275,0.21517996870109546,0.010241357941971485
borderline,sebagai,1,137,0.05310077519379845,0.009924142774512701
borderline,ga,1,141,0.05465116279069768,0.00938691530673596
borderline,minta,1,29,0.01124031007751938,0.008236979525239026
borderline,terhadap,1,94,0.03643410852713178,0.007316049668438339
borderline,jadi,0,104,0.081377151799687,0.007143473261342099
borderline,takut,1,31,0.012015503875968992,0.007135908239424892
borderline,aksi,1,39,0.015116279069767442,0.00384656524308262
borderline,kerja,1,39,0.015116279069767442,0.00384656524308262
borderline,indonesia,0,130,0.10172143974960876,0.003585826433432153
borderline,besar,0,36,0.028169014084507043,0.0021876162349617305
borderline,media,1,47,0.01821705426356589,0.0016614435721576076
borderline,7,1,49,0.018992248062015504,0.00122462642047661
borderline,langsung,1,49,0.018992248062015504,0.00122462642047661
borderline,lagi,1,150,0.05813953488372093,0.0011315043728324671
borderline,hati,0,30,0.023474178403755867,0.0008071472017186768
borderline,politik,0,30,0.023474178403755867,0.0008071472017186768
borderline,hati,1,61,0.023643410852713178,-0.0008071472017185427
borderline,politik,1,61,0.023643410852713178,-0.0008071472017185427
borderline,lagi,0,74,0.057902973395931145,-0.0011315043728325012
borderline,7,0,24,0.018779342723004695,-0.0012246264204765155
borderline,langsung,0,24,0.018779342723004695,-0.0012246264204765155
borderline,media,0,23,0.017996870109546165,-0.0016614435721575547
borderline,besar,1,73,0.028294573643410852,-0.0021876162349616013
borderline,indonesia,1,262,0.10155038759689923,-0.0035858264334322257
borderline,aksi,0,19,0.01486697965571205,-0.003846565243082709
borderline,kerja,0,19,0.01486697965571205,-0.003846565243082709
borderline,takut,0,15,0.011737089201877934,-0.007135908239424935
borderline,jadi,1,209,0.0810077519379845,-0.007143473261342108
borderline,terhadap,0,46,0.03599374021909233,-0.007316049668438446
borderline,minta,0,14,0.010954616588419406,-0.008236979525238983
borderline,ga,0,69,0.0539906103286385,-0.009386915306735931
borderline,sebagai,0,67,0.05242566510172144,-0.009924142774512736
borderline,ini,1,551,0.21356589147286822,-0.010241357941971539
borderline,deh,0,12,0.009389671361502348,-0.010959099089520708
borderline,kepala,0,12,0.009389671361502348,-0.010959099089520708
borderline,senin,0,12,0.009389671361502348,-0.010959099089520708
borderline,kata,0,37,0.028951486697965573,-0.011181020006674945
borderline,23,0,11,0.008607198748043818,-0.01266962342046565
borderline,d,0,11,0.008607198748043818,-0.01266962342046565
borderline,dianggap,0,10,0.00782472613458529,-0.014700851111837913
borderline,november,0,10,0.00782472613458529,-0.014700851111837913
borderline,untuk,1,347,0.13449612403100775,-0.015337194569636507
borderline,ada,1,325,0.12596899224806202,-0.015519471664547601
borderline,dulu,0,29,0.02269170579029734,-0.016539278443343193
borderline,pasti,0,28,0.02190923317683881,-0.017415665053115658
borderline,di,0,447,0.34976525821596244,-0.01775735894635484
borderline,baru,0,45,0.035211267605633804,-0.018826577274400045
borderline,as,1,48,0.018604651162790697,-0.019579189923605144
borderline,baca,1,48,0.018604651162790697,-0.019579189923605144
borderline,ke,1,292,0.11317829457364341,-0.01971590412806797
borderline,sejak,1,46,0.017829457364341085,-0.020010587871567006
borderline,11,0,25,0.019561815336463225,-0.02044811451150798
borderline,makin,1,44,0.017054263565891473,-0.02048122006127782
borderline,begitu,1,36,0.013953488372093023,-0.022884170896746152
borderline,pasukan,0,23,0.017996870109546165,-0.022890319268125597
borderline,perlu,1,32,0.012403100775193798,-0.024531360201424664
borderline,instagram,1,30,0.011627906976744186,-0.02551711084656729
borderline,mata,0,21,0.01643192488262911,-0.025776699005726975
borderline,kristen,1,93,0.03604651162790698,-0.025813526218109492
borderline,sunnah,1,28,0.010852713178294573,-0.02664104608072466
borderline,salah,1,81,0.031395348837209305,-0.028087903400615337
borderline,katanya,1,22,0.008527131782945736,-0.03120641893863832
borderline,timur,1,22,0.008527131782945736,-0.03120641893863832
borderline,bandung,1,20,0.007751937984496124,-0.03331782288238364
borderline,kemudian,1,20,0.007751937984496124,-0.03331782288238364
borderline,tanpa,0,27,0.02112676056338028,-0.036294948222291006
borderline,umat,0,37,0.028951486697965573,-0.03778778557084332
borderline,amerika,0,26,0.02034428794992175,-0.03794077881112486
borderline,partai,0,15,0.011737089201877934,-0.03878076245864335
borderline,sama,0,80,0.06259780907668232,-0.03908578602919668
borderline,pernah,0,35,0.027386541471048513,-0.04030905544404496
borderline,in,0,14,0.010954616588419406,-0.04196540293387579
borderline,perang,0,54,0.04225352112676056,-0.04210657704352537
borderline,muhammad,1,45,0.01744186046511628,-0.042145051830642676
borderline,pemerintah,1,45,0.01744186046511628,-0.042145051830642676
borderline,semua,0,73,0.05712050078247261,-0.04335321889496403
borderline,luar,1,43,0.016666666666666666,-0.043603637482131904
borderline,hal,1,68,0.02635658914728682,-0.04604724033706238
borderline,kek,1,39,0.015116279069767442,-0.04695813654887292
borderline,org,0,21,0.01643192488262911,-0.048394157562108006
borderline,setelah,0,38,0.0297339593114241,-0.04936859123130914
borderline,genosida,0,12,0.009389671361502348,-0.04981676935479836
borderline,perempuan,0,12,0.009389671361502348,-0.04981676935479836
borderline,soal,1,35,0.013565891472868217,-0.05105666231732518
borderline,mahfud,0,20,0.01564945226917058,-0.051077243175603866
borderline,sampai,1,81,0.031395348837209305,-0.05270695957570815
borderline,gue,1,79,0.03062015503875969,-0.05373374206178068
borderline,mau,0,76,0.0594679186228482,-0.05464247065418044
borderline,ala,0,11,0.008607198748043818,-0.05473340312676113
borderline,cari,0,11,0.008607198748043818,-0.05473340312676113
borderline,tentang,1,75,0.029069767441860465,-0.05594825857663147
borderline,menurut,1,31,0.012015503875968992,-0.056176214420643106
borderline,bikin,0,26,0.02034428794992175,-0.05619443582026817
borderline,bahwa,0,57,0.04460093896713615,-0.05685428602727784
borderline,orang,0,181,0.14162754303599373,-0.05685781677428534
borderline,bisa,1,215,0.08333333333333333,-0.05697391571039054
borderline,seperti,0,56,0.04381846635367762,-0.05794247582130849
borderline,punya,0,40,0.03129890453834116,-0.058655101453662345
borderline,pak,1,48,0.018604651162790697,-0.06038197274543327
borderline,alasan,0,10,0.00782472613458529,-0.06055400284108663
borderline,beragama,0,10,0.00782472613458529,-0.06055400284108663
borderline,serang,0,10,0.00782472613458529,-0.06055400284108663
borderline,kemanusiaan,0,17,0.013302034428794992,-0.060900455865189565
borderline,termasuk,1,46,0.017829457364341085,-0.06248009706329758
borderline,satu,0,52,0.0406885758998435,-0.06269395804652324
borderline,jawa,1,27,0.010465116279069767,-0.06275082473168189
borderline,menyatakan,1,27,0.010465116279069767,-0.06275082473168189
borderline,milik,1,27,0.010465116279069767,-0.06275082473168189
borderline,warga,1,122,0.047286821705426356,-0.06377313222671196
borderline,lain,0,44,0.03442879499217527,-0.06382924156499688
borderline,jalur,0,29,0.02269170579029734,-0.06612676823516145
borderline,justru,1,25,0.009689922480620155,-0.06679183150315875
borderline,akhir,0,9,0.007042253521126761,-0.06755365777999556
borderline,ratusan,0,9,0.007042253521126761,-0.06755365777999556
borderline,sedangkan,0,9,0.007042253521126761,-0.06755365777999556
borderline,tadi,0,9,0.007042253521126761,-0.06755365777999556
borderline,anies,1,76,0.02945736434108527,-0.0681993771482605
borderline,imam,0,15,0.011737089201877934,-0.06947857663718891
borderline,secara,0,34,0.026604068857589983,-0.0696862864522884
borderline,antara,1,40,0.015503875968992248,-0.06998625008101605
borderline,kita,1,201,0.07790697674418605,-0.07010776400347288
borderline,kamu,0,21,0.01643192488262911,-0.07052862152118379
borderline,ganjar,1,123,0.047674418604651166,-0.0714448134278399
borderline,mengambil,1,23,0.008914728682170543,-0.07150125154219363
borderline,menyebut,1,23,0.008914728682170543,-0.07150125154219363
borderline,siang,1,23,0.008914728682170543,-0.07150125154219363
borderline,melihat,1,38,0.014728682170542635,-0.07299395819796846
borderline,gaza,0,123,0.09624413145539906,-0.07447255678097757
borderline,jiwa,0,14,0.010954616588419406,-0.07461842201986793
borderline,tersebut,0,44,0.03442879499217527,-0.07464841691560449
borderline,umum,1,21,0.00813953488372093,-0.07705957066788707
borderline,atau,0,66,0.051643192488262914,-0.07819932041875573
borderline,harus,1,107,0.041472868217054266,-0.07984864020555552
borderline,dilakukan,0,24,0.018779342723004695,-0.08051495126313
borderline,barat,0,18,0.014084507042253521,-0.08267879762240218
borderline,baik,1,60,0.023255813953488372,-0.08271439485796886
borderline,2024,0,23,0.017996870109546165,-0.08409363138522609
borderline,kalau,1,99,0.03837209302325582,-0.08503830179674188
borderline,yang,0,345,0.2699530516431925,-0.08537440680721034
borderline,ya,0,89,0.06964006259780908,-0.08544605893146157
borderline,sekitar,0,12,0.009389671361502348,-0.08724958371830151
borderline,tp,1,30,0.011627906976744186,-0.08882923350663532
borderline,dalam,1,231,0.08953488372093023,-0.09026103212679397
borderline,anak,0,62,0.048513302034428794,-0.09100380587763794
borderline,terus,1,78,0.030232558139534883,-0.09141087536991307
borderline,an,0,21,0.01643192488262911,-0.09220065296490824
borderline,iran,0,16,0.012519561815336464,-0.09311159480253847
borderline,udah,0,40,0.03129890453834116,-0.09395268237627112
borderline,masalah,1,28,0.010852713178294573,-0.09412355986116781
borderline,2023,1,124,0.04806201550387597,-0.09470019332584424
borderline,ali,0,11,0.008607198748043818,-0.09512997405218002
borderline,bentuk,0,11,0.008607198748043818,-0.09512997405218002
borderline,dua,1,39,0.015116279069767442,-0.09538109813960394
borderline,ingin,0,25,0.019561815336463225,-0.09545880128739251
borderline,tentara,1,61,0.023643410852713178,-0.09703167743696627
borderline,dari,0,185,0.14475743348982786,-0.0971138550195048
borderline,manusia,1,59,0.022868217054263566,-0.09977811533727507
borderline,mana,1,68,0.02635658914728682,-0.10246513512729535
borderline,saya,1,90,0.03488372093023256,-0.10249872972585496
borderline,allah,0,54,0.04225352112676056,-0.10428808126823261
borderline,artikel,0,10,0.00782472613458529,-0.10443004520019064
borderline,p,0,10,0.00782472613458529,-0.10443004520019064
borderline,sekolah,0,10,0.00782472613458529,-0.10443004520019064
borderline,bela,1,35,0.013565891472868217,-0.10449404663805686
borderline,internasional,1,35,0.013565891472868217,-0.10449404663805686
borderline,siapa,1,55,0.02131782945736434,-0.10583989504925649
borderline,pada,0,95,0.07433489827856025,-0.10603504746801906
borderline,beliau,1,24,0.009302325581395349,-0.10718840242857759
borderline,minggu,1,24,0.009302325581395349,-0.10718840242857759
borderline,peduli,1,24,0.009302325581395349,-0.10718840242857759
borderline,bagaimana,0,18,0.014084507042253521,-0.10746395153904836
borderline,1,1,104,0.040310077519379844,-0.10936453772893644
borderline,hanya,0,68,0.053208137715179966,-0.1110383979717053
borderline,semakin,1,42,0.01627906976744186,-0.11153580100955139
borderline,the,1,42,0.01627906976744186,-0.11153580100955139
borderline,ketika,0,21,0.01643192488262911,-0.11342952866087633
borderline,agar,1,60,0.023255813953488372,-0.1138223126146754
borderline,akan,0,106,0.08294209702660407,-0.1141438113867733
borderline,malam,0,13,0.010172143974960876,-0.11421488079117972
borderline,gendut,1,22,0.008527131782945736,-0.11537729390129765
borderline,hampir,1,22,0.008527131782945736,-0.11537729390129765
borderline,kondisi,1,22,0.008527131782945736,-0.11537729390129765
borderline,penuh,1,22,0.008527131782945736,-0.11537729390129765
borderline,bersatu,0,9,0.007042253521126761,-0.11557233177421711
borderline,gk,0,9,0.007042253521126761,-0.11557233177421711
borderline,menarik,0,9,0.007042253521126761,-0.11557233177421711
borderline,pdip,0,9,0.007042253521126761,-0.11557233177421711
borderline,dunia,1,127,0.04922480620155039,-0.11563200060616255
borderline,pertama,1,40,0.015503875968992248,-0.11624416914802083
borderline,adalah,0,90,0.07042253521126761,-0.11695864655747261
borderline,dia,0,56,0.04381846635367762,-0.11725809226515452
borderline,tetapi,0,16,0.012519561815336464,-0.1205333489565254
borderline,kelompok,1,38,0.014728682170542635,-0.12141691978869935
borderline,menyerang,1,29,0.01124031007751938,-0.12255765691527208
borderline,memilih,0,12,0.009389671361502348,-0.12335936236925868
borderline,and,1,20,0.007751937984496124,-0.12507824466210865
borderline,cinta,1,20,0.007751937984496124,-0.12507824466210865
borderline,hubungan,1,20,0.007751937984496124,-0.12507824466210865
borderline,maju,1,20,0.007751937984496124,-0.12507824466210865
borderline,para,0,66,0.051643192488262914,-0.12838254625329584
borderline,terjadi,0,29,0.02269170579029734,-0.12880460167508714
borderline,dah,1,27,0.010465116279069767,-0.130233338512125
borderline,belum,1,43,0.016666666666666666,-0.13035443699960855
borderline,tapi,0,80,0.06259780907668232,-0.13060173018695312
borderline,hari,1,118,0.04573643410852713,-0.13078173732122825
borderline,2,1,100,0.03875968992248062,-0.1316451210453413
borderline,follow,0,14,0.010954616588419406,-0.1369610904176319
borderline,pbb,0,14,0.010954616588419406,-0.1369610904176319
borderline,lalu,1,71,0.02751937984496124,-0.13778708457810565
borderline,seorang,1,71,0.02751937984496124,-0.13778708457810565
borderline,sebuah,1,55,0.02131782945736434,-0.13890203936163212
borderline,adanya,1,25,0.009689922480620155,-0.1390413093604627
borderline,berkata,1,25,0.009689922480620155,-0.1390413093604627
borderline,juta,1,25,0.009689922480620155,-0.1390413093604627
borderline,percaya,1,25,0.009689922480620155,-0.1390413093604627
borderline,jokowi,0,40,0.03129890453834116,-0.13928224207881415
borderline,apa,0,71,0.05555555555555555,-0.13944501474705376
borderline,kepada,1,113,0.043798449612403104,-0.1437354097456789
borderline,maka,0,32,0.025039123630672927,-0.14474387548312045
borderline,banyak,0,61,0.04773082942097027,-0.14572130470287056
borderline,coldplay,0,10,0.00782472613458529,-0.1464938249064861
borderline,segera,0,10,0.00782472613458529,-0.1464938249064861
borderline,membela,0,13,0.010172143974960876,-0.14686789987717191
borderline,akun,0,16,0.012519561815336464,-0.14724389361400353
borderline,memang,0,16,0.012519561815336464,-0.14724389361400353
borderline,wilayah,0,16,0.012519561815336464,-0.14724389361400353
borderline,odgj,1,37,0.01434108527131783,-0.1481274644461774
borderline,sangat,1,65,0.025193798449612403,-0.14844205531831076
borderline,fakta,1,23,0.008914728682170543,-0.14925218213487307
borderline,muncul,1,23,0.008914728682170543,-0.14925218213487307
borderline,sekarang,0,45,0.035211267605633804,-0.1542499607700457
borderline,lebih,0,57,0.04460093896713615,-0.15520043120720592
borderline,juga,0,89,0.06964006259780908,-0.15528921521697597
borderline,of,0,15,0.011737089201877934,-0.15642371746260647
borderline,pilih,0,15,0.011737089201877934,-0.15642371746260647
borderline,info,1,28,0.010852713178294573,-0.1574356825212358
borderline,sehingga,1,28,0.010852713178294573,-0.1574356825212358
borderline,tetap,1,47,0.01821705426356589,-0.15871520767606562
borderline,paling,1,66,0.02558139534883721,-0.1600157461120937
borderline,awal,1,21,0.00813953488372093,-0.1612304456305464
borderline,kamis,1,21,0.00813953488372093,-0.1612304456305464
borderline,u,1,21,0.00813953488372093,-0.1612304456305464
borderline,gitu,0,9,0.007042253521126761,-0.1614254835034658
borderline,udara,0,9,0.007042253521126761,-0.1614254835034658
borderline,wib,0,9,0.007042253521126761,-0.1614254835034658
borderline,menolak,1,45,0.01744186046511628,-0.1646817093113258
borderline,oleh,0,83,0.0649452269170579,-0.16539084861260658
borderline,kecil,1,26,0.010077519379844961,-0.1676661528756282
borderline,korban,1,50,0.01937984496124031,-0.16809036744358571
borderline,pas,0,11,0.008607198748043818,-0.17142045868096079
borderline,palestina,0,156,0.12206572769953052,-0.1714742075996548
borderline,atas,0,40,0.03129890453834116,-0.17207057211948576
borderline,masjid,1,31,0.012015503875968992,-0.17217198011992768
borderline,hamas,1,148,0.05736434108527132,-0.17242704699274305
borderline,no,0,16,0.012519561815336464,-0.1732797152630989
borderline,sih,1,60,0.023255813953488372,-0.17341664172380053
borderline,karena,1,186,0.07209302325581396,-0.17406236674834277
borderline,mendukung,0,26,0.02034428794992175,-0.17577038127277186
borderline,balik,1,24,0.009302325581395349,-0.17943788028588165
borderline,cukup,1,24,0.009302325581395349,-0.17943788028588165
borderline,maupun,1,24,0.009302325581395349,-0.17943788028588165
borderline,bukanlah,0,8,0.006259780907668232,-0.17956669450570556
borderline,jd,0,8,0.006259780907668232,-0.17956669450570556
borderline,sebenarnya,0,8,0.006259780907668232,-0.17956669450570556
borderline,suara,0,8,0.006259780907668232,-0.17956669450570556
borderline,tu,0,8,0.006259780907668232,-0.17956669450570556
borderline,buat,0,38,0.0297339593114241,-0.18038480805788773
borderline,prabowo,0,35,0.027386541471048513,-0.18242455379513972
borderline,s,1,34,0.01317829457364341,-0.18426489385633713
borderline,dengan,0,152,0.1189358372456964,-0.18493098114956233
borderline,penjajah,0,22,0.017214397496087636,-0.18618052471050747
borderline,terkait,0,10,0.00782472613458529,-0.18689039583190506
borderline,tindakan,0,10,0.00782472613458529,-0.18689039583190506
borderline,membuat,1,44,0.017054263565891473,-0.18729916786770692
borderline,si,1,54,0.020930232558139535,-0.1895347094348441
borderline,saat,1,103,0.03992248062015504,-0.18991597335444668
borderline,a,0,19,0.01486697965571205,-0.19142831634759488
borderline,jelas,0,19,0.01486697965571205,-0.19142831634759488
borderline,mulai,0,19,0.01486697965571205,-0.19142831634759488
borderline,sahabat,0,12,0.009389671361502348,-0.19196581138385926
borderline,muda,1,27,0.010465116279069767,-0.19354546117219304
borderline,sebelum,1,27,0.010465116279069767,-0.19354546117219304
borderline,you,1,27,0.010465116279069767,-0.19354546117219304
borderline,ternyata,0,21,0.01643192488262911,-0.19425961591781749
borderline,merupakan,0,14,0.010954616588419406,-0.1957337398224704
borderline,ri,0,14,0.010954616588419406,-0.1957337398224704
borderline,seluruh,0,23,0.017996870109546165,-0.19667159947051419
borderline,jakarta,0,16,0.012519561815336464,-0.19867456332168684
borderline,tuh,0,16,0.012519561815336464,-0.19867456332168684
borderline,bahkan,0,27,0.02112676056338028,-0.20060822094515748
borderline,telah,0,50,0.03912363067292645,-0.20091715972662996
borderline,padahal,1,45,0.01744186046511628,-0.20252170307886583
borderline,kejahatan,1,30,0.011627906976744186,-0.20482499920591984
borderline,karna,0,9,0.007042253521126761,-0.20530152586256986
borderline,keturunan,0,9,0.007042253521126761,-0.20530152586256986
borderline,rempang,0,9,0.007042253521126761,-0.20530152586256986
borderline,hak,0,13,0.010172143974960876,-0.20921056827493587
borderline,sekali,0,13,0.010172143974960876,-0.20921056827493587
borderline,massa,1,20,0.007751937984496124,-0.20924911962476797
borderline,ni,1,20,0.007751937984496124,-0.20924911962476797
borderline,tahun,1,91,0.03527131782945737,-0.21041033167042428
borderline,tak,0,56,0.04381846635367762,-0.21210930095633723
borderline,dukungan,1,33,0.012790697674418604,-0.21407139783485093
borderline,mereka,0,114,0.0892018779342723,-0.21516422169732896
borderline,aja,0,57,0.04460093896713615,-0.2162535674530883
borderline,masih,1,117,0.04534883720930233,-0.21629011257303826
borderline,memberikan,1,23,0.008914728682170543,-0.22150165999217714
borderline,selamat,1,23,0.008914728682170543,-0.22150165999217714
borderline,israel,0,355,0.2777777777777778,-0.22318398902458364
borderline,melakukan,0,28,0.02190923317683881,-0.2232533036480424
borderline,kaya,0,14,0.010954616588419406,-0.2239062312430496
borderline,bener,0,12,0.009389671361502348,-0.22461883046985134
borderline,keluarga,0,12,0.009389671361502348,-0.22461883046985134
borderline,yaitu,0,12,0.009389671361502348,-0.22461883046985134
borderline,fitnah,0,10,0.00782472613458529,-0.22574806609718265
borderline,hasil,0,10,0.00782472613458529,-0.22574806609718265
borderline,100,0,8,0.006259780907668232,-0.2275853684999271
borderline,mengaku,0,8,0.006259780907668232,-0.2275853684999271
borderline,pasangan,0,8,0.006259780907668232,-0.2275853684999271
borderline,polisi,0,8,0.006259780907668232,-0.2275853684999271
borderline,foto,1,65,0.025193798449612403,-0.22782245247324623
borderline,tidak,0,142,0.1111111111111111,-0.22904373076708073
borderline,tangan,1,26,0.010077519379844961,-0.23097827553569622
borderline,setiap,1,42,0.01627906976744186,-0.23407245849023453
borderline,nama,0,17,0.013302034428794992,-0.23480461931709384
borderline,hingga,1,50,0.01937984496124031,-0.23528957257873237
borderline,bangsa,0,28,0.02190923317683881,-0.2375409809793903
borderline,sampe,1,29,0.01124031007751938,-0.23855342261455662
borderline,waktu,1,37,0.01434108527131783,-0.23866667383892823
borderline,palestine,0,24,0.018779342723004695,-0.23956703981244626
borderline,dukung,0,22,0.017214397496087636,-0.24095288979626012
borderline,gini,0,11,0.008607198748043818,-0.24240826293788184
borderline,krn,0,11,0.008607198748043818,-0.24240826293788184
borderline,rs,0,11,0.008607198748043818,-0.24240826293788184
borderline,kami,0,31,0.024256651017214397,-0.2429204753596455
borderline,ketua,1,40,0.015503875968992248,-0.2437977514873256
borderline,bukan,0,67,0.05242566510172144,-0.2448956729037035
borderline,pilpres,1,24,0.009302325581395349,-0.2469203940663246
borderline,uang,1,24,0.009302325581395349,-0.2469203940663246
borderline,utk,1,24,0.009302325581395349,-0.2469203940663246
borderline,khusus,0,9,0.007042253521126761,-0.24736530556886538
borderline,mu,0,9,0.007042253521126761,-0.24736530556886538
borderline,mati,0,16,0.012519561815336464,-0.24766422178590214
borderline,lihat,0,14,0.010954616588419406,-0.25132798539703644
borderline,tinggal,1,27,0.010465116279069767,-0.2531783542635289
borderline,al,0,53,0.041471048513302036,-0.25385974946262285
borderline,selama,1,57,0.022093023255813953,-0.25404866059467424
borderline,militer,1,38,0.014728682170542635,-0.2544256383731807
borderline,muslimin,0,12,0.009389671361502348,-0.25626368468906985
borderline,bantuan,1,30,0.011627906976744186,-0.2582623835266515
borderline,mari,1,30,0.011627906976744186,-0.2582623835266515
borderline,serangan,1,88,0.034108527131782945,-0.2636263666254777
borderline,for,1,22,0.008527131782945736,-0.2653777023512811
borderline,segala,1,22,0.008527131782945736,-0.2653777023512811
borderline,gibran,0,28,0.02190923317683881,-0.26555115172502464
borderline,tahu,1,36,0.013953488372093023,-0.2660884279929151
borderline,itu,0,153,0.11971830985915492,-0.2678249553453227
borderline,dan,0,335,0.2621283255086072,-0.26874780879946053
borderline,sering,1,25,0.009689922480620155,-0.2698359458009738
borderline,resmi,1,28,0.010852713178294573,-0.2734314482205204
borderline,sementara,1,28,0.010852713178294573,-0.2734314482205204
borderline,kedua,0,8,0.006259780907668232,-0.27343852022917586
borderline,selasa,0,8,0.006259780907668232,-0.27343852022917586
borderline,pemimpin,1,62,0.024031007751937984,-0.2758979336264286
borderline,kalah,0,11,0.008607198748043818,-0.2761366863465185
borderline,keras,0,11,0.008607198748043818,-0.2761366863465185
borderline,menghancurkan,0,11,0.008607198748043818,-0.2761366863465185
borderline,saudara,1,31,0.012015503875968992,-0.276414066232615
borderline,tau,0,25,0.019561815336463225,-0.2777125801798218
borderline,melawan,0,14,0.010954616588419406,-0.2780385300545145
borderline,nanti,0,14,0.010954616588419406,-0.2780385300545145
borderline,wa,0,17,0.013302034428794992,-0.27955654183255074
borderline,10,0,34,0.026604068857589983,-0.2820316039695708
borderline,pun,0,26,0.02034428794992175,-0.28312759431030604
borderline,gay,0,37,0.028951486697965573,-0.28327382110890786
borderline,kalo,0,35,0.027386541471048513,-0.286121023106993
borderline,anjir,1,20,0.007751937984496124,-0.2870000502174474
borderline,biasa,1,20,0.007751937984496124,-0.2870000502174474
borderline,pejuang,1,20,0.007751937984496124,-0.2870000502174474
borderline,3,1,72,0.027906976744186046,-0.2885951755436814
borderline,mengatakan,1,58,0.02248062015503876,-0.291367436151836
borderline,serta,0,19,0.01486697965571205,-0.2934872793005041
borderline,buta,0,40,0.03129890453834116,-0.2941193843005679
borderline,selengkapnya,1,35,0.013565891472868217,-0.2942609194134942
borderline,dr,0,16,0.012519561815336464,-0.2944375124084298
borderline,i,1,44,0.017054263565891473,-0.2969427809053172
borderline,lupa,0,10,0.00782472613458529,-0.29929065911164304
borderline,banget,1,71,0.02751937984496124,-0.30288285287502925
borderline,bgt,1,71,0.02751937984496124,-0.30288285287502925
borderline,benjamin,0,7,0.005477308294209703,-0.30551661956166715
borderline,dikutip,0,7,0.005477308294209703,-0.30551661956166715
borderline,membabi,0,7,0.005477308294209703,-0.30551661956166715
borderline,pusat,0,7,0.005477308294209703,-0.30551661956166715
borderline,menjadi,1,107,0.041472868217054266,-0.3092886472732799
borderline,x,1,27,0.010465116279069767,-0.30954122687147756
borderline,dgn,0,19,0.01486697965571205,-0.312751333230298
borderline,jika,0,34,0.026604068857589983,-0.3154982541152365
borderline,h,0,8,0.006259780907668232,-0.31731456258827984
borderline,saudi,0,8,0.006259780907668232,-0.31731456258827984
borderline,sm,0,8,0.006259780907668232,-0.31731456258827984
borderline,anda,0,20,0.01564945226917058,-0.31769326428443306
borderline,sumber,1,46,0.017829457364341085,-0.31939006352500715
borderline,diri,1,40,0.015503875968992248,-0.3209021107219898
borderline,nya,0,53,0.041471048513302036,-0.3209513019005728
borderline,klo,0,13,0.010172143974960876,-0.3235774632543404
borderline,tegas,1,28,0.010852713178294573,-0.32686883254125204
borderline,asal,1,25,0.009689922480620155,-0.3294688388923096
borderline,biar,0,14,0.010954616588419406,-0.3294691997621979
borderline,ulama,0,14,0.010954616588419406,-0.3294691997621979
borderline,islam,0,58,0.04538341158059468,-0.33117809202454185
borderline,beli,1,22,0.008527131782945736,-0.3328602161317241
borderline,komunis,0,10,0.00782472613458529,-0.3341686847176068
borderline,memiliki,1,38,0.014728682170542635,-0.3344927866621332
borderline,suka,0,20,0.01564945226917058,-0.3356337704539958
borderline,china,0,61,0.04773082942097027,-0.3366635030221671
borderline,jam,1,35,0.013565891472868217,-0.33673042860522484
borderline,apakah,1,32,0.012403100775193798,-0.33945009267113224
borderline,selalu,1,48,0.018604651162790697,-0.3396515423081865
borderline,pake,0,11,0.008607198748043818,-0.34043455965172925
borderline,masuk,0,23,0.017996870109546165,-0.3456614494973154
borderline,makan,0,12,0.009389671361502348,-0.34573414827245397
borderline,sedang,0,18,0.014084507042253521,-0.3469246636212358
borderline,menggunakan,1,26,0.010077519379844961,-0.3469740412349807
borderline,news,1,33,0.012790697674418604,-0.35303356881833275
borderline,kafir,0,7,0.005477308294209703,-0.3535352935558886
borderline,menegaskan,0,7,0.005477308294209703,-0.3535352935558886
borderline,muslim,0,27,0.02112676056338028,-0.35596521979829043
borderline,oktober,1,40,0.015503875968992248,-0.3574195538782243
borderline,berat,1,20,0.007751937984496124,-0.3592495280747513
borderline,kemerdekaan,0,8,0.006259780907668232,-0.3593783422945752
borderline,palsu,0,8,0.006259780907668232,-0.3593783422945752
borderline,penjajahan,0,8,0.006259780907668232,-0.3593783422945752
borderline,sebagian,0,8,0.006259780907668232,-0.3593783422945752
borderline,sumpah,0,8,0.006259780907668232,-0.3593783422945752
borderline,kenapa,0,23,0.017996870109546165,-0.3609848721933807
borderline,gw,1,57,0.022093023255813953,-0.3612628831600914
borderline,membunuh,0,9,0.007042253521126761,-0.36405236112306505
borderline,selain,0,9,0.007042253521126761,-0.36405236112306505
borderline,jalan,1,34,0.01317829457364341,-0.3656965740315494
borderline,bersama,1,48,0.018604651162790697,-0.3698686404090683
borderline,orgil,1,31,0.012015503875968992,-0.37109494689035066
borderline,tuhan,1,31,0.012015503875968992,-0.37109494689035066
borderline,masyarakat,1,38,0.014728682170542635,-0.37233278042967327
borderline,negeri,0,21,0.01643192488262911,-0.37257575839692775
borderline,haram,0,12,0.009389671361502348,-0.37390663969303295
borderline,dapat,1,42,0.01627906976744186,-0.3778531323506159
borderline,capres,0,17,0.013302034428794992,-0.38366076108934366
borderline,20,1,25,0.009689922480620155,-0.3858317115002583
borderline,sakit,1,64,0.024806201550387597,-0.3866115090911534
borderline,gak,0,42,0.03286384976525822,-0.38834887532715917
borderline,berita,0,21,0.01643192488262911,-0.3888462481462057
borderline,kali,1,54,0.020930232558139535,-0.3902268434945959
borderline,12,1,29,0.01124031007751938,-0.3912184703179749
borderline,link,1,22,0.008527131782945736,-0.3961723387917921
borderline,cina,0,29,0.02269170579029734,-0.3963046553066244
borderline,beberapa,1,37,0.01434108527131783,-0.39904332508715135
borderline,masa,1,37,0.01434108527131783,-0.39904332508715135
borderline,doa,0,7,0.005477308294209703,-0.39938844528513745
borderline,akal,0,8,0.006259780907668232,-0.3997749132199943
borderline,nyata,0,8,0.006259780907668232,-0.3997749132199943
borderline,saja,0,34,0.026604068857589983,-0.399983778888167
borderline,rabu,0,9,0.007042253521126761,-0.4001621397740222
borderline,abu,0,10,0.00782472613458529,-0.40055012721223565
borderline,kini,0,10,0.00782472613458529,-0.40055012721223565
borderline,nih,0,10,0.00782472613458529,-0.40055012721223565
borderline,sejarah,0,14,0.010954616588419406,-0.4021097314280868
borderline,wanita,0,14,0.010954616588419406,-0.4021097314280868
borderline,gua,1,30,0.011627906976744186,-0.403747965976343
borderline,produk,0,20,0.01564945226917058,-0.4044723551228276
borderline,tanah,0,22,0.017214397496087636,-0.4052661625191266
borderline,ia,1,38,0.014728682170542635,-0.4088502235859076
borderline,sendiri,0,31,0.024256651017214397,-0.4088777381389901
borderline,lainnya,1,50,0.01937984496124031,-0.41446418240096244
borderline,tengah,1,39,0.015116279069767442,-0.4181005780506481
borderline,rumah,1,74,0.02868217054263566,-0.42275564918770675
borderline,m,0,16,0.012519561815336464,-0.42328992587016145
borderline,gereja,1,24,0.009302325581395349,-0.42622828242567734
borderline,akibat,1,36,0.013953488372093023,-0.42646507924113836
borderline,netanyahu,0,13,0.010172143974960876,-0.42650383153614796
borderline,sinting,1,20,0.007751937984496124,-0.4267320418551945
borderline,berbagai,0,12,0.009389671361502348,-0.4280389385044979
borderline,boikot,0,12,0.009389671361502348,-0.4280389385044979
borderline,presiden,0,31,0.024256651017214397,-0.4306255790966513
borderline,tolak,0,10,0.00782472613458529,-0.43219498143145413
borderline,kayak,0,9,0.007042253521126761,-0.435040165379986
borderline,mui,0,8,0.006259780907668232,-0.43863258348527184
borderline,demi,0,18,0.014084507042253521,-0.43987585656668315
borderline,youtube,0,7,0.005477308294209703,-0.4432644876442415
borderline,sudah,0,49,0.03834115805946792,-0.4445257263432696
borderline,jangan,0,36,0.028169014084507043,-0.44841056299615867
borderline,cerdas,0,6,0.004694835680751174,-0.4494036267648441
borderline,grup,0,6,0.004694835680751174,-0.4494036267648441
borderline,mengutuk,0,6,0.004694835680751174,-0.4494036267648441
borderline,sehat,0,6,0.004694835680751174,-0.4494036267648441
borderline,tua,0,6,0.004694835680751174,-0.4494036267648441
borderline,cuma,0,22,0.017214397496087636,-0.4499455421167351
borderline,negara,0,54,0.04225352112676056,-0.45060409130229934
borderline,rakyat,0,45,0.035211267605633804,-0.45264994783990703
borderline,emang,0,12,0.009389671361502348,-0.45407476015359344
borderline,8,1,22,0.008527131782945736,-0.45580523188312805
borderline,lgbt,0,38,0.0297339593114241,-0.45614145446279397
borderline,sipil,0,17,0.013302034428794992,-0.4600445659959257
borderline,bagi,1,66,0.02558139534883721,-0.4614742559512258
borderline,depan,1,27,0.010465116279069767,-0.4622062745748958
borderline,yahudi,0,53,0.041471048513302036,-0.4635726452307798
borderline,bilang,0,15,0.011737089201877934,-0.4662062810677288
borderline,bakal,1,23,0.008914728682170543,-0.46829206213197283
borderline,benar,1,33,0.012790697674418604,-0.47557022629901574
borderline,jauh,0,8,0.006259780907668232,-0.47606539784877494
borderline,paham,0,8,0.006259780907668232,-0.47606539784877494
borderline,baswedan,1,34,0.01317829457364341,-0.48360371608804203
borderline,kota,1,39,0.015116279069767442,-0.48529978318579475
borderline,dlm,0,7,0.005477308294209703,-0.48532826735053686
borderline,kau,0,7,0.005477308294209703,-0.48532826735053686
borderline,main,0,7,0.005477308294209703,-0.48532826735053686
borderline,bendera,0,10,0.00782472613458529,-0.49269929958851355
borderline,dll,0,10,0.00782472613458529,-0.49269929958851355
borderline,bulan,1,26,0.010077519379844961,-0.4996390889383991
borderline,melalui,1,26,0.010077519379844961,-0.4996390889383991
borderline,truncated,0,9,0.007042253521126761,-0.5014216078746149
borderline,hukum,0,26,0.02034428794992175,-0.5059482683442349
borderline,aku,1,68,0.02635658914728682,-0.5091119449688141
borderline,pagi,1,22,0.008527131782945736,-0.5121681044910769
borderline,mungkin,0,14,0.010954616588419406,-0.5128849785040902
borderline,air,1,28,0.010852713178294573,-0.5166357053166893
borderline,lama,1,23,0.008914728682170543,-0.5217294464527044
borderline,lo,1,23,0.008914728682170543,-0.5217294464527044
borderline,yg,0,138,0.107981220657277,-0.5219828774373524
borderline,gimana,0,7,0.005477308294209703,-0.5257248382759558
borderline,viral,1,35,0.013565891472868217,-0.5264411899317877
borderline,video,1,64,0.024806201550387597,-0.5325365533484814
borderline,freepalestine,0,25,0.019561815336463225,-0.5333172920707092
borderline,anti,0,14,0.010954616588419406,-0.5336887948481719
borderline,malah,0,16,0.012519561815336464,-0.537931116096405
borderline,5,1,37,0.01434108527131783,-0.5380461494923683
borderline,t,1,25,0.009689922480620155,-0.5384967592036766
borderline,berusaha,0,6,0.004694835680751174,-0.5432754524883143
borderline,hancur,0,6,0.004694835680751174,-0.5432754524883143
borderline,jahat,0,6,0.004694835680751174,-0.5432754524883143
borderline,sdh,0,6,0.004694835680751174,-0.5432754524883143
borderline,share,0,6,0.004694835680751174,-0.5432754524883143
borderline,nasional,1,20,0.007751937984496124,-0.5496770576065982
borderline,boleh,0,11,0.008607198748043818,-0.5636404831748407
borderline,bin,0,13,0.010172143974960876,-0.5639055806654262
borderline,kembali,0,13,0.010172143974960876,-0.5639055806654262
borderline,apalagi,0,7,0.005477308294209703,-0.5645825085412334
borderline,bom,1,29,0.01124031007751938,-0.5650299717242845
borderline,cara,0,12,0.009389671361502348,-0.5752325572989243
borderline,senjata,0,12,0.009389671361502348,-0.5752325572989243
borderline,kaum,0,21,0.01643192488262911,-0.5802743148750958
borderline,agresi,0,6,0.004694835680751174,-0.5871514948474182
borderline,sebab,0,6,0.004694835680751174,-0.5871514948474182
borderline,ah,0,14,0.010954616588419406,-0.5937150657610314
borderline,nabi,0,15,0.011737089201877934,-0.6012432387564728
borderline,menang,0,7,0.005477308294209703,-0.6020153229047366
borderline,kasih,1,21,0.00813953488372093,-0.6114586405410571
borderline,tdk,0,11,0.008607198748043818,-0.612630141639056
borderline,rasa,0,8,0.006259780907668232,-0.6134346446003249
borderline,perdana,0,5,0.003912363067292645,-0.617243257422844
borderline,ikut,0,18,0.014084507042253521,-0.6192932074445439
borderline,berani,0,9,0.007042253521126761,-0.6225369256772173
borderline,vs,0,6,0.004694835680751174,-0.6292152745537138
borderline,datang,1,29,0.01124031007751938,-0.6421343309589488
borderline,namun,1,42,0.01627906976744186,-0.6436618788889089
borderline,menteri,0,13,0.010172143974960876,-0.6463377684784948
borderline,kan,0,14,0.010954616588419406,-0.6504720955277726
borderline,agama,0,20,0.01564945226917058,-0.6553040420299954
borderline,perubahan,1,21,0.00813953488372093,-0.6622633423330127
borderline,hidup,1,38,0.014728682170542635,-0.6626763892466386
borderline,jumat,1,22,0.008527131782945736,-0.6648331521944951
borderline,berarti,0,5,0.003912363067292645,-0.6652619314170656
borderline,open,0,5,0.003912363067292645,-0.6652619314170656
borderline,salam,0,7,0.005477308294209703,-0.6730031271616577
borderline,zionis,0,65,0.05086071987480438,-0.6844056814686478
borderline,kok,0,13,0.010172143974960876,-0.6852285975481294
borderline,pihak,0,7,0.005477308294209703,-0.7067315505702942
borderline,membantu,0,6,0.004694835680751174,-0.7084695157444103
borderline,idf,0,5,0.003912363067292645,-0.7111150831463144
borderline,kapan,0,5,0.003912363067292645,-0.7111150831463144
borderline,keputusan,0,5,0.003912363067292645,-0.7111150831463144
borderline,pemilu,0,5,0.003912363067292645,-0.7111150831463144
borderline,katolik,1,26,0.010077519379844961,-0.7127149558118328
borderline,kalian,0,23,0.017996870109546165,-0.7191858793994836
borderline,gila,1,281,0.10891472868217054,-0.751231526361211
borderline,liat,1,24,0.009302325581395349,-0.7527048315354051
borderline,pengungsi,1,21,0.00813953488372093,-0.7569442229907486
borderline,9,1,19,0.007364341085271318,-0.7606829093785478
borderline,teroris,0,11,0.008607198748043818,-0.7678600782608146
borderline,semoga,0,15,0.011737089201877934,-0.7681735949528371
borderline,cacat,0,23,0.017996870109546165,-0.7722310532055533
borderline,fatwa,0,5,0.003912363067292645,-0.7970549052117138
borderline,benci,0,4,0.003129890453834116,-0.8186988822816537
borderline,jgn,0,4,0.003129890453834116,-0.8186988822816537
borderline,lah,0,12,0.009389671361502348,-0.8187261609868994
borderline,lu,0,14,0.010954616588419406,-0.8201066893933241
borderline,ajaran,0,6,0.004694835680751174,-0.8506185577734712
borderline,6,1,19,0.007364341085271318,-0.8553637900362835
borderline,syiah,0,24,0.018779342723004695,-0.8566613138696164
borderline,bodoh,0,10,0.00782472613458529,-0.8596205000405396
borderline,otak,0,4,0.003129890453834116,-0.8667175562758752
borderline,waras,0,4,0.003129890453834116,-0.8667175562758752
borderline,15,0,9,0.007042253521126761,-0.8746527932600688
borderline,pranowo,1,27,0.010465116279069767,-0.8841794277872522
borderline,membawa,1,18,0.0069767441860465115,-0.9083978435891121
borderline,dm,0,4,0.003129890453834116,-0.912570708005124
borderline,pribumi,0,4,0.003129890453834116,-0.912570708005124
borderline,kekuasaan,0,5,0.003912363067292645,-0.9137419607659135
borderline,konflik,0,8,0.006259780907668232,-0.9172750808068701
borderline,4,1,31,0.012015503875968992,-0.9210534328255059
borderline,tempat,1,26,0.010077519379844961,-0.9216122421507554
borderline,n,0,6,0.004694835680751174,-0.9456142452572274
borderline,demo,0,4,0.003129890453834116,-0.956446750364228
borderline,sini,0,6,0.004694835680751174,-0.9754207492357413
borderline,amin,0,5,0.003912363067292645,-0.9847297650228344
borderline,anis,0,5,0.003912363067292645,-0.9847297650228344
borderline,arab,0,11,0.008607198748043818,-0.9896761267879534
borderline,asli,0,4,0.003129890453834116,-0.9985105300705235
borderline,moral,0,4,0.003129890453834116,-0.9985105300705235
borderline,anjing,0,5,0.003912363067292645,-1.0184581884314712
borderline,orang2,0,3,0.002347417840375587,-1.0707976243282558
borderline,wahabi,0,5,0.003912363067292645,-1.082756061736682
borderline,nkri,0,4,0.003129890453834116,-1.1151975856247232
borderline,tolol,0,4,0.003129890453834116,-1.1151975856247232
borderline,umar,0,3,0.002347417840375587,-1.1188162983224772
borderline,cawapres,0,11,0.008607198748043818,-1.1298301944395965
borderline,pro,0,10,0.00782472613458529,-1.130256019461171
borderline,mk,0,5,0.003912363067292645,-1.2003990167406449
borderline,selatan,1,12,0.004651162790697674,-1.208097777168059
borderline,propaganda,0,3,0.002347417840375587,-1.367296327671325
borderline,wahai,0,2,0.001564945226917058,-1.4080535600491408
borderline,pendukung,0,6,0.004694835680751174,-1.459125250367368
borderline,biadab,0,3,0.002347417840375587,-1.504665574422875
borderline,laknatullah,0,3,0.002347417840375587,-1.5363104286420934
borderline,lawan,0,3,0.002347417840375587,-1.5670082428206389
borderline,dg,0,3,0.002347417840375587,-1.596814746799153
borderline,kitab,0,2,0.001564945226917058,-1.6671194490287071
borderline,sadar,0,2,0.001564945226917058,-1.7045522633922103
borderline,com,1,6,0.002325581395348837,-2.0033196851370785
borderline,yaman,0,2,0.001564945226917058,-2.2151526955292145
borderline,pesek,0,0,0.0,-3.1129288562564144
borderline,kadrun,0,0,0.0,-3.3155557338760135
