text_id,topic,label,pred_label,pred_prob,text,text_preprocessed
4-3289,Syiah,0,1,0.7135185,"@Geyelicius @iDnAlHiLaLi @chuyAjah Dr Abu Syaif Mufti, alumni darulhadist Dammaj Yaman, yg pernah perang lawan Syiah Houthi di Yaman https://t.co/fPC8g7qJ2D",dr abu syaif mufti alumni darulhadist dammaj yaman yang pernah perang lawan syiah houthi di yaman
2-6951,Disabilitas,0,1,0.71205676,Tai tai tai pembully semua kyk tai anjing. Klo pada ketangkep dibikin cacat seumur hidup aja kek anjing. Gausah segala direhab/dipenjara. Bajingan bngt,tai tai tai pembully semua kayak tai anjing kalau pada ketangkep dibikin cacat seumur hidup saja kayak anjing gausah segala direhab dipenjara bajingan banget
3-1947,Jewish,0,1,0.7056315,"Salah Masuk Terowongan Keempat perwira Tikus Zionis telah dikirim Mujahidin Ke Neraka saat penyergapan jebakan, mereka diledakkan oleh terowongan ranjau yang ssngaja dibuka Mujahidin di Beit Hanoun di Jalur Gaza utara.",salah masuk terowongan keempat perwira tikus zionis telah dikirim mujahidin ke neraka saat penyergapan jebakan mereka diledakkan oleh terowongan ranjau yang ssngaja dibuka mujahidin di beit hanoun di jalur gaza utara
4-3600,Syiah,0,1,0.7003724,Mereka yg disebut syiah sesat olh wahanus tp mrka lah yg gencar mmbela gaza dg mengirimkn snjata.. tp dimana wahanus yg mngaku paling sunnah saat gaza dihancurkan? Apa yg merka kirim unt gaza? MEREKA CM MENGIRIMKAN KAIN KAFAN... MEREKA LUPA KALO PARA SYUHADA TDK BUTUH KAFAN UNT DIKEBUMIKAN,mereka yang disebut syiah sesat olh wahanus tapi mrka lah yang gencar mmbela gaza dg mengirimkn snjata tapi dimana wahanus yang mngaku paling sunnah saat gaza dihancurkan apa yang merka kirim unt gaza mereka cm mengirimkan kain kafan mereka lupa kalo para syuhada tidak butuh kafan unt dikebumikan
2-5359,Jewish,0,1,0.6993822,MUI Haramkan Beli Produk Pendukung Israel,mui haramkan beli produk pendukung israel
2-1229,Disabilitas,0,1,0.6653567,GILA YA jembatan pasopati yg udh bukan namanya itu lampu jalnnya gaada yg nyala ?!?!,gila ya jembatan pasopati yang sudah bukan namanya itu lampu jalnnya gaada yang nyala
1-5048,LGBTQ+,0,1,0.6605776,"‎'‎KPOP ×אתו @prediksikpop Scandal tentang LGBT just predictions dilarang baper‎'‎ Wah, bahaya @prediksikpop_2 

Tine

#prediksikpop_who2023",kpop אתו scandal tentang lgbt just predictions dilarang baper wah bahaya aprediksikpop_2 tine hprediksikpop_who2o2e
1-5073,LGBTQ+,0,1,0.65887064,Terpantau masih belum ada tweet dukungan aksi menolak LGBT 😬 Coldplay 1 - 0 Anti LGBT,terpantau masih belum ada tweet dukungan aksi menolak lgbt canggung coldplay 1 0 anti lgbt
1-4417,"Kristen, Jewish",0,1,0.6563823,"Perang Hamas-israel Kebanyakan orang Kristen dituduh bela Israel, fakta ya jahudi benci Kristen. Orang Kristen mengecam Hamas Krn mereka teroris, dan Faktanya Israel itu tdk prnh memulai dan ketika diserang mrk balas, itu tdk main-main dan selalu menang",perang hamas israel kebanyakan orang kristen dituduh bela israel fakta ya jahudi benci kristen orang kristen mengecam hamas karena mereka teroris dan faktanya israel itu tidak prnh memulai dan ketika diserang mereka balas itu tidak main main dan selalu menang
2-12051,Jewish,0,1,0.65497804,"Kalau Israel Kejam nya Kayak gini seh pantes lah dulu di Boikot Pildun U-20, gak tega cuy lihat Bocah di B, emang gak layak israel jadi negara",kalau israel kejam nya seperti begini seh pantes lah dulu di boikot pildun u 2o tidak tega cuy lihat bocah di b memang tidak layak israel jadi negara
1-6399,UNKNOWN,0,1,0.6549529,"Video “Dilantik Jadi Ketua KPK, Ahok Bersumpah Sikat Habis Penghisap Uang Rakyat”",video dilantik jadi ketua kpk ahok bersumpah sikat habis penghisap uang rakyat
1-3238,Jewish,0,1,0.6531533,"KEPADA PARA ZIONIS NUSANTARA ASAL KALIAN TAHU SAJA MESKI SELURUH FOLLOWER AKUN INI ADALAH PENDUKUNG PENJAJAH ISRAEL PEMBANTAI BAYI DAN ANAK-ANAK, KAMI TAK PEDULI KAM TAK AKAN BERGEMING KAMI TETAP TERUS BERSUARA MENDUKUNG RAKYAT PALESTINA MESKI HARUS BERJALAN SENDIRI",kepada para zionis nusantara asal kalian tahu saja meski seluruh follower akun ini adalah pendukung penjajah israel pembantai bayi dan anak anak kami tak peduli kam tak akan bergeming kami tetap terus bersuara mendukung rakyat palestina meski harus berjalan sendiri
2-6210,Jewish,0,1,0.6504382,Indonesia mengutuk dan mengecam keras kejahatan rezim Zionis Penjajah Israel terhadap rakyat Palestina di Jalur Gaza. #IndonesiaBelaPalestina,indonesia mengutuk dan mengecam keras kejahatan rezim zionis penjajah israel terhadap rakyat palestina di jalur gaza
2-2007,Jewish,0,1,0.6491573,Saat ini di Indonesia hanya ada 2 golongan manusia: 1. Manusia 2. Yahudi pesek aka Londo ireng,saat ini di indonesia hanya ada 2 golongan manusia 1 manusia 2 yahudi pesek aka londo ireng
1-78,Disabilitas,0,1,0.6425893,Jangan pilih capres diduga penculik dan Penjahat HAM Jangan pilih cawapres cacat hukum.,jangan pilih calon presiden diduga penculik dan penjahat ham jangan pilih calon wakil presiden cacat hukum
2-3770,Jewish,0,1,0.6321761,"Israel tersebar luas. Hal ini membuat konsumen semakin selektif dalam memilih produk yang mereka beli. Salah satu merek yang mendapat sorotan adalah Kelinci, yang dikabarkan memiliki hubungan bisnis dengan perusahaan Israel. Sebagai konsumen yang",israel tersebar luas hal ini membuat konsumen semakin selektif dalam memilih produk yang mereka beli salah satu merek yang mendapat sorotan adalah kelinci yang dikabarkan memiliki hubungan bisnis dengan perusahaan israel sebagai konsumen yang
3-2329,Jewish,0,1,0.6304395,"org2 yg pro zi0nist tuh udh kena brainwashed klo israel nyerang ngeb0m sana sini krn diserang duluan sm hamas, COKK trus yg dari berpuluh2 tahun sebelumnya itu gimana?! AAAAKHHHH KESEL BGT MEREKA SEMUA KEPALA BATU",org2 yang pro zionist itu sudah kena brainwashed kalau israel nyerang ngebom sana sini karena diserang duluan sama hamas cokk terus yang dari berpuluh2 tahun sebelumnya itu gimana aakhh sebal banget mereka semua kepala batu
1-959,Jewish,0,1,0.6288727,"Kematian dianggap biasa, Justru menjadi kebanggaan jika mati melawan israel",kematian dianggap biasa justru menjadi kebanggaan jika mati melawan israel
2-8879,Jewish,0,1,0.62512255,Ngeliat kelakuan penjajah israel di temlen bikin,ngeliat kelakuan penjajah israel di temlen bikin
102-74,UNKNOWN,0,1,0.621383,WEF Perintahkan Tulis Ulang Alkitab Gunakan AI,wef perintahkan tulis ulang alkitab gunakan ai
4-747,UNKNOWN,0,1,0.61858565,"Airlangga Hartarto Pindah Haluan, Gibran Terbukti Curang",airlangga hartarto pindah haluan gibran terbukti curang
2-4002,Jewish,0,1,0.6163817,"Dengan balutan kain kafan ini, anak-anak dan bayi-bayi ini pasti bukanlah anak dan bayi warga Zionis Israel. Mengapa Benjamin @netanyahu dan Biden @POTUS tidak tau malu membalikan keadaan yang sesungguhnya tentang pembantaian anak-anak dan bayi penduduk Palestina..❓ Andalah…",dengan balutan kain kafan ini anak anak dan bayi bayi ini pasti bukanlah anak dan bayi warga zionis israel mengapa benjamin dan biden tidak tau malu membalikan keadaan yang sesungguhnya tentang pembantaian anak anak dan bayi penduduk palestina andalah
1-533,UNKNOWN,0,1,0.6154013,Foto Baliho Masyarakat NTT Mendukung Prabowo Sebagai Capres dan Jan Ethes Sebagai Cawapres,foto baliho masyarakat ntt mendukung prabowo sebagai calon presiden dan jan ethes sebagai calon wakil presiden
1-5344,LGBTQ+,0,1,0.61381555,happy international lesbian day teman2 pecinta wanita dan pembenci pria 💋,happy international lesbian day teman2 pecinta wanita dan pembenci pria
1-5114,LGBTQ+,0,1,0.61095166,-- Guys kalian yang dari Bogor sering dituduh gay gak sih? #. JusticeForBogor,guys kalian yang dari bogor sering dituduh gay tidak sih justiceforbogor
3-2789,Jewish,0,1,0.6047608,"Setahun memimpin, lalu dikudeta. AS sang seKUTU zionis berperan besar di belakangnya. Kekuatan yg menguasai politik dan ekonomi dunia tidak suka dg pemimpin yg tidak bisa dikendalikan.",setahun memimpin lalu dikudeta as sang sekutu zionis berperan besar di belakangnya kekuatan yang menguasai politik dan ekonomi dunia tidak suka dg pemimpin yang tidak bisa dikendalikan
2-6810,Tionghoa,0,1,0.6032042,semua hal bakal gw anggep b aja selama itu dua pasutri kerajaan masih pake topeng setebel tembok cina,semua hal bakal gue anggep b saja selama itu dua pasutri kerajaan masih pake topeng setebel tembok cina
3-2805,Jewish,0,1,0.59258986,Jokowi: Israel Gunakan Narasi Bela Diri dan Lakukan Pembunuhan Rakyat Sipil,jokowi israel gunakan narasi bela diri dan lakukan pembunuhan rakyat sipil
2-1241,Disabilitas,0,1,0.5906897,Typonya artinya jau bat malu gak lu?! Gila memang,typonya artinya jau bat malu tidak lu gila memang
2-3400,Disabilitas,0,1,0.58984584,CAWAPRES CACAT HUKUM Partai Mahkamah Konstitusi menetapkan @gibran_tweet menjadi Cawapres Cacat Hukum 😂,calon wakil presiden cacat hukum partai mahkamah konstitusi menetapkan menjadi calon wakil presiden cacat hukum tertawa
2-4308,Disabilitas,0,1,0.58395,Ah gila emang klo lagi sakit tuh macem-macem pikiran nya,ah gila memang kalau lagi sakit itu macem macem pikiran nya
2-11019,Jewish,0,1,0.57829994,"Israel Bom Warga Sedang Kuburkan Jenazah, 10 Orang Wafat #Peristiwa",israel bom warga sedang kuburkan jenazah 10 orang wafat
2-3487,Jewish,0,1,0.57807934,MUI Beberkan Alasan Keluarkan Fatwa Boikot Produk Terafiliasi Israel,mui beberkan alasan keluarkan fatwa boikot produk terafiliasi israel
2-2149,Jewish,0,1,0.5727995,Bahlil Dajjal Israel Fuji Baitul Maqdis Bella Hadid Kamar Fikri #FreePalestine #PlongaPlongoEnd,bahlil dajjal israel fuji baitul maqdis bella hadid kamar fikri
2-8652,Jewish,0,1,0.57194966,Sorry kalau tl kalian nanti banyak replies gw nyerang akun2 pro israel yak.,sorry kalau tl kalian nanti banyak replies gue nyerang akun2 pro israel yak
2-5895,Disabilitas,0,1,0.569671,udah kek gini knp gada yg berani bertindak ih orgil sampe un aja angkat tangan wtf banget,sudah kayak begini knp gada yang berani bertindak jijik orgil sampe un saja angkat tangan wtf banget
2-6524,Jewish,0,1,0.56833893,Ayo Cun ratakan itu Israel,ayo cun ratakan itu israel
2-3254,LGBTQ+,0,1,0.5681868,"Semenjak usia dewasa, sering kepikiran mati kayaknya lebih enak, rasanya nggak kuat: sadar kalau jadi gay itu stigmanya masih benar2 kuat, first relationship jg sama suami orang, gagal bisnis sampe berhutang, salah memutuskan menikah, sama orang yg nggak tepat",semenjak usia dewasa sering kepikiran mati kayaknya lebih enak rasanya tidak kuat sadar kalau jadi gay itu stigmanya masih benar2 kuat first relationship juga sama suami orang gagal bisnis sampe berhutang salah memutuskan menikah sama orang yang tidak tepat
2-2473,Jewish,0,1,0.5651631,"Breaking | Brigade Al Qassam: ""Kami menargetkan, dengan perangkat anti-personil, pasukan khusus Zionis yang bersembunyi di sebuah gedung di utara Beit Hanoun",breaking brigade al qassam kami menargetkan dengan perangkat anti personil pasukan khusus zionis yang bersembunyi di sebuah gedung di utara beit hanoun
1-5525,UNKNOWN,0,1,0.5621664,SURYA PALOH RESMIKAN GANJAR PRANOWO SEBAGAI CAPRES NASDEM,surya paloh resmikan ganjar pranowo sebagai calon presiden nasdem
4-56,Rohingya,0,1,0.55775875,Video Pengungsi Rohingya Membakar Gudang di Aceh Karena Tidak Dikasih Uang,video pengungsi rohingya membakar gudang di aceh karena tidak dikasih uang
1-4343,Kristen,0,1,0.5559467,"Gw kadang suka mikir muka islam, muka kristen, muka katolik dll itu gimana. Ternyata gw sendiri juga kalo liat orang tau-tau sotau bilang “Muka lu islam banget” WKWK MUKA ISLAM TUH GIMANA SIH ANJIR",gue kadang suka mikir muka islam muka kristen muka katolik dll itu gimana ternyata gue sendiri juga kalo liat orang tau tau sotau bilang muka lu islam banget tertawa muka islam itu bagaimana sih anjing
1-546,UNKNOWN,0,1,0.5490329,HASTO KRISTIYANTO UNGKAP DUA SOSOK CAWAPRES GANJAR,hasto kristiyanto ungkap dua sosok calon wakil presiden ganjar
1-3456,Jewish,0,1,0.5483448,"GAK USAH SOK2AN BELAIN PALESTINE DEH!

Eh panjul, sini deket2 gw kasih tau!

- tugas kita sebagai Muslim utk membela saudara2 kita disana, jadi klo lo Muslim dan lo gak tergerak untuk Membela, pertanyakan ke ISLAM an mu
- saking gw tanamkan nya ttg memerdekakan Palestine, anak gw yg kembar setiap salim, salah satu permintaan doanya adalah “ayah, doakan ana kelak menjadi pembebas Alquds & Roma”

Bahkan mereka waktu umur 6 tahun udah punya pemikiran, mau buka restoran di palestine dan nge GRATIS in tentara zionis makan di resto itu, dan mau diksih racun, biar mereka smua mati tanpa harus mengeluarkan senjata! Iyaah, anak sekecil itu punya pemikiran seperti itu

Yang bicara ‘aah kalian termakan info dr media yg tidak berimbang’

Heeeeyyy ferguso, udah pernah ke Palestine belom?? 

Udah pernah ngerasain diperiksa 6 jam di border nya zionis belom?

Udah pernah mau masuk masjid aqsa trus senjata zionis nempel di jidat lo?

GW UDAH!

Jadi iyaaah! Gw membela PALESTINE!

•gambar ini diambil setelah kita berjibaku berjuang untuk bisa masuk ke aqsa GAK USAH SOK2AN BELAIN PALESTINE DEH!

Eh panjul, sini deket2 gw kasih tau!

- tugas kita sebagai Muslim utk membela saudara2 kita disana, jadi klo lo Muslim dan lo gak tergerak untuk Membela, pertanyakan ke ISLAM an mu
- saking gw tanamkan nya ttg memerdekakan Palestine, anak gw yg kembar setiap salim, salah satu permintaan doanya adalah “ayah, doakan ana kelak menjadi pembebas Alquds & Roma”

Bahkan mereka waktu umur 6 tahun udah punya pemikiran, mau buka restoran di palestine dan nge GRATIS in tentara zionis makan di resto itu, dan mau diksih racun, biar mereka smua mati tanpa harus mengeluarkan senjata! Iyaah, anak sekecil itu punya pemikiran seperti itu

Yang bicara ‘aah kalian termakan info dr media yg tidak berimbang’

Heeeeyyy ferguso, udah pernah ke Palestine belom?? 

Udah pernah ngerasain diperiksa 6 jam di border nya zionis belom?

Udah pernah mau masuk masjid aqsa trus senjata zionis nempel di jidat lo?

GW UDAH!

Jadi iyaaah! Gw membela PALESTINE!

•gambar ini diambil setelah kita berjibaku berjuang untuk bisa masuk ke aqsa",tidak usah sok2an belain palestine deh eh panjul sini deket2 gue kasih tau tugas kita sebagai muslim utk membela saudara2 kita disana jadi kalau lo muslim dan lo tidak tergerak untuk membela pertanyakan ke islam an mu saking gue tanamkan nya ttg memerdekakan palestine anak gue yang kembar setiap salim salah satu permintaan doanya adalah ayah doakan ana kelak menjadi pembebas alquds roma bahkan mereka waktu umur 6 tahun sudah punya pemikiran mau buka restoran di palestine dan nge gratis in tentara zionis makan di resto itu dan mau diksih racun supaya mereka semua mati tanpa harus mengeluarkan senjata iyaah anak sekecil itu punya pemikiran seperti itu yang bicara aah kalian termakan info dr media yang tidak berimbang heeyy ferguso sudah pernah ke palestine belom sudah pernah ngerasain diperiksa 6 jam di border nya zionis belom sudah pernah mau masuk masjid aqsa terus senjata zionis nempel di jidat lo gue udah jadi iyaah gue membela palestine gambar ini diambil setelah kita berjibaku berjuang untuk bisa masuk ke aqsa tidak usah sok2an belain palestine deh eh panjul sini deket2 gue kasih tau tugas kita sebagai muslim utk membela saudara2 kita disana jadi kalau lo muslim dan lo tidak tergerak untuk membela pertanyakan ke islam an mu saking gue tanamkan nya ttg memerdekakan palestine anak gue yang kembar setiap salim salah satu permintaan doanya adalah ayah doakan ana kelak menjadi pembebas alquds roma bahkan mereka waktu umur 6 tahun sudah punya pemikiran mau buka restoran di palestine dan nge gratis in tentara zionis makan di resto itu dan mau diksih racun supaya mereka semua mati tanpa harus mengeluarkan senjata iyaah anak sekecil itu punya pemikiran seperti itu yang bicara aah kalian termakan info dr media yang tidak berimbang heeyy ferguso sudah pernah ke palestine belom sudah pernah ngerasain diperiksa 6 jam di border nya zionis belom sudah pernah mau masuk masjid aqsa terus senjata zionis nempel di jidat lo gue udah jadi iyaah gue membela palestine gambar ini diambil setelah kita berjibaku berjuang untuk bisa masuk ke aqsa
4-3849,Rohingya,0,1,0.54455924,"@tanyarlfes UNHCR dan rohingya mgkn sudah tau kelemahan pimpinan kita yg tidak tegas dan korup,takluk dan tunduk sama uank.",unhcr dan rohingya mungkin sudah tau kelemahan pimpinan kita yang tidak tegas dan korup takluk dan tunduk sama uank
4-4548,Kristen,0,1,0.5329349,Opini: Mengapa Kristen Barat Mengabaikan Penderitaan Umat Kristen Palestina?,opini mengapa kristen barat mengabaikan penderitaan umat kristen palestina
2-2855,Jewish,0,1,0.5326804,Palestina cuma pembuka jalan buat Israel dan Amerika berperang secara langsung untuk menghancurkan Iran Mereka ga bisa melihat Islam bersatu dengan perdamaian Iran - Saudi,palestina cuma pembuka jalan buat israel dan amerika berperang secara langsung untuk menghancurkan iran mereka tidak bisa melihat islam bersatu dengan perdamaian iran saudi
2-7053,Jewish,0,1,0.52835816,"Skenario israel yg ditakutkan; Mereka pake nuklir ke gaza. Orang di gaza habis semua. Gaza dikuasai yahudi,Yerusalem juga dikuasai yahudi. Komplek al Aqsa dikuasai buat bongkar Haikal sulaiman. Haikal sulaiman lalu dipake buat ritual manggil mesiah palsu",skenario israel yang ditakutkan mereka pake nuklir ke gaza orang di gaza habis semua gaza dikuasai yahudi yerusalem juga dikuasai yahudi komplek al aqsa dikuasai buat bongkar haikal sulaiman haikal sulaiman lalu dipake buat ritual manggil mesiah palsu
3-2057,Jewish,0,1,0.5278949,"Jadi setelah melihat kekejaman orang-orang israel terhadap orang-orang di Gaza, apakah kalian tetap membenci Hitler?",jadi setelah melihat kekejaman orang orang israel terhadap orang orang di gaza apakah kalian tetap membenci hitler
2-3458,Jewish,0,1,0.52720565,Anak anak Palestin yang cedera akibat pengeboman ganas yang dilakukan oleh rejim Zionis di utara Gaza.,anak anak palestin yang cedera akibat pengeboman ganas yang dilakukan oleh rejim zionis di utara gaza
2-10152,Jewish,0,1,0.5244748,#Hamas : Ancaman Israel sangat menggelikan,ancaman israel sangat menggelikan
3-1707,Jewish,0,1,0.52003646,Cape cape belain israel atau palestina kaya mrk peduli aja sm negara kita 🤣🤣🤣,cape cape belain israel atau palestina kaya mereka peduli saja sama negara kita tertawa tertawa
3-2779,Disabilitas,0,1,0.51830465,Perangi Pungutan Liar Lewat Penegakan Aturan! Puan Profesor PKS NGAPAIN AJA Gemoy Muda Bersatu ODGJ Kiky Wendy Pagiii Nyesel SMA vs SEKARANG Kamis Amran Sulaiman 1.8 M,perangi pungutan liar lewat penegakan aturan puan profesor pks ngapain saja gemoy muda bersatu odgj kiky wendy pagii nyesel sama vs sekarang kamis amran sulaiman 1 8 m
1-2192,Jewish,0,1,0.51559085,"23 23 Oktober 2023. Ingat tarikh ini! Malam paling dahsyat buat saudara kita di Gaza sejak permulaan pencerobohan Israel di Semenanjung Gaza. 3 jam mereka dibom tanpa henti menyebabkan puluhan syahid. catatanuntukawak — Ya Allah lindungilah saudara kami di sana 🤲
•
•
•
•
#catatanuntukawak",23 23 oktober 2023 ingat tarikh ini malam paling dahsyat buat saudara kita di gaza sejak permulaan pencerobohan israel di semenanjung gaza 3 jam mereka dibom tanpa henti menyebabkan puluhan syahid catatanuntukawak ya allah lindungilah saudara kami di sana
2-10429,Disabilitas,0,1,0.51515067,💎: sumpah Wonwoo gila banget sih gak ada obat. X: emang Wonwoo ngapain? 💎: benerin kacamata 👀,sumpah wonwoo gila banget sih tidak ada obat x memang wonwoo ngapain benerin kacamata lihat
1-673,Ahmadiyah,0,1,0.50738746,Islam juga TPI knpa masih ada lagi nabi sesudah nabi Muhammad yaitu Ahmad /Ahmadiyah Trus gmna bacaan syahadatnya?,islam juga tapi knpa masih ada lagi nabi sesudah nabi muhammad yaitu ahmad ahmadiyah terus gmna bacaan syahadatnya
1-5383,LGBTQ+,0,1,0.5069402,"Piw! Mau open disscus nih.. Barusan ada video lwat bncng2 berpakaian feminim trus ada b manly malah ikut2an kaum str8 menghina b feminim tsb, menurut kalian gmn? Apa kurang cemooh yg d terima dari kaum str8 sampe sesama lgbt mesti ikutan menghina? Jgn mentang2 manly jd (cont..)",piw mau open disscus nih barusan ada video lwat bncng2 berpakaian feminim terus ada b manly malah ikut2an kaum strb menghina b feminim tsb menurut kalian gmn apa kurang cemooh yang d terima dari kaum strb sampe sesama lgbt mesti ikutan menghina jgn mentang2 manly jadi cont
3-21,Jewish,0,1,0.5034744,🔴 Tiongkok 'Lenyapkan' Nama Israel dalam Peta hingga Torpedo Al-Asif H@YouTube,tiongkok lenyapkan nama israel dalam peta hingga torpedo al asif h
1-5124,LGBTQ+,0,1,0.5026728,"Kegiatan Donor Darah, Relawan Ganjar Sumut Peduli Kemanusiaan . . Selasa Sore Mata Najwa Shihab Pegawai Nagita Slavina Umur 22 Adakami CCTV LGBT Piting Rempang Merangkul JISOO FISIP UI Hoax Mahasiswa Mendung UGM Yogyakarta",kegiatan donor darah relawan ganjar sumut peduli kemanusiaan selasa sore mata najwa shihab pegawai nagita slavina umur 22 adakami cctv lgbt piting rempang merangkul jisoo fisip ui hoaks mahasiswa mendung ugm yogyakarta
2-5246,Jewish,0,1,0.5011316,"Saksikanlah video dibawah ini @Israel @IDF Seluruh manusia diduniapun ikut menyaksikan, bagaimana biadabnya zionis terrorism @Israel hari ini?. ""Di Brooklyn, iluminator memproyeksikan nama 4.000 anak yang terbunuh di Gaza sejauh ini."" #IsraelRealTerrorism",saksikanlah video dibawah ini seluruh manusia diduniapun ikut menyaksikan bagaimana biadabnya zionis teroris hari ini di brooklyn iluminator memproyeksikan nama 4 00 anak yang terbunuh di gaza sejauh ini
1-2466,Jewish,0,1,0.5006567,"TERKINI Berita Israel membuka semula bekalan air di Gaza adalah tidak benar. Kebanyakan air paip sudah hancur musnah. Jangan percaya pada berita media Barat saniarabyalkahery Terus cakna. Terus berdoa. 

Posted @withregram • @saniarabyalkahery #IsraelCuak",terkini berita israel membuka semula bekalan air di gaza adalah tidak benar kebanyakan air paip sudah hancur musnah jangan percaya pada berita media barat saniarabyalkahery terus cakna terus berdoa posted
